,B08301_001E Total:,B08301_001M Margin Of Error For!!Total:,B08301_010E Public transportation (excluding taxicab):,B08301_010M Margin Of Error For!!Public transportation (excluding taxicab):
0600135,615.0,197.0,130.0,98.0
0600156,331.0,428.0,0.0,13.0
0600212,3208.0,297.0,16.0,24.0
0600296,7142.0,803.0,129.0,117.0
0600310,122.0,64.0,0.0,13.0
0600394,9968.0,530.0,38.0,37.0
0600450,1587.0,318.0,0.0,13.0
0600464,506.0,329.0,0.0,13.0
0600478,614.0,265.0,0.0,13.0
0600535,373.0,164.0,31.0,36.0
0600562,37206.0,957.0,5867.0,629.0
0600618,6415.0,467.0,443.0,130.0
0600674,8674.0,423.0,1903.0,270.0
0600716,126.0,80.0,0.0,13.0
0600786,213.0,176.0,0.0,13.0
0600884,40482.0,773.0,1751.0,300.0
0600898,299.0,105.0,0.0,13.0
0600947,26402.0,724.0,221.0,122.0
0600982,7.0,10.0,0.0,13.0
0600996,812.0,170.0,7.0,12.0
0601010,101.0,44.0,0.0,13.0
0601094,0.0,13.0,0.0,13.0
0601150,3631.0,412.0,216.0,143.0
0601164,218.0,56.0,0.0,13.0
0601192,6283.0,550.0,75.0,75.0
0601228,35.0,16.0,0.0,13.0
0601276,243.0,79.0,0.0,13.0
0601290,20653.0,851.0,878.0,274.0
0601360,2789.0,316.0,28.0,44.0
0601416,321.0,104.0,11.0,17.0
0601444,1116.0,171.0,0.0,13.0
0601458,4995.0,598.0,194.0,96.0
0601514,97.0,54.0,0.0,13.0
0601640,8670.0,395.0,174.0,96.0
0601651,1326.0,244.0,14.0,23.0
0602000,151676.0,1886.0,7374.0,870.0
0602028,183.0,122.0,0.0,13.0
0602042,3564.0,362.0,0.0,20.0
0602112,1477.0,270.0,0.0,13.0
0602168,1751.0,292.0,22.0,21.0
0602210,20519.0,869.0,179.0,111.0
0602252,42691.0,1345.0,2118.0,435.0
0602294,872.0,277.0,0.0,13.0
0602364,23492.0,960.0,402.0,142.0
0602378,3300.0,403.0,41.0,37.0
0602382,800.0,196.0,38.0,61.0
0602420,1124.0,230.0,0.0,13.0
0602462,25743.0,652.0,753.0,162.0
0602476,7853.0,655.0,117.0,71.0
0602553,38877.0,1165.0,1443.0,351.0
0602700,1273.0,248.0,0.0,13.0
0602770,1092.0,372.0,9.0,14.0
0602812,1124.0,218.0,0.0,13.0
0602868,7790.0,413.0,50.0,51.0
0602896,7888.0,482.0,269.0,155.0
0602910,95.0,88.0,0.0,13.0
0602924,6705.0,625.0,24.0,26.0
0602980,9468.0,607.0,1109.0,289.0
0603026,33.0,47.0,0.0,13.0
0603064,13167.0,569.0,182.0,103.0
0603092,2332.0,204.0,74.0,57.0
0603162,9462.0,484.0,38.0,34.0
0603190,872.0,227.0,0.0,13.0
0603204,5802.0,393.0,68.0,55.0
0603205,1581.0,255.0,24.0,38.0
0603209,2471.0,532.0,6.0,9.0
0603274,1970.0,198.0,67.0,82.0
0603302,4298.0,549.0,22.0,37.0
0603316,158.0,120.0,0.0,13.0
0603330,594.0,182.0,0.0,13.0
0603344,6582.0,584.0,212.0,92.0
0603386,21021.0,674.0,1129.0,374.0
0603512,289.0,93.0,3.0,6.0
0603526,139557.0,2034.0,1715.0,349.0
0603666,30754.0,930.0,1431.0,286.0
0603694,249.0,56.0,0.0,13.0
0603708,138.0,67.0,0.0,13.0
0603792,130.0,52.0,0.0,13.0
0603820,8871.0,532.0,56.0,44.0
0604030,8616.0,650.0,304.0,144.0
0604198,250.0,159.0,0.0,13.0
0604415,8532.0,651.0,814.0,289.0
0604470,978.0,231.0,42.0,39.0
0604478,1249.0,361.0,16.0,18.0
0604576,637.0,123.0,0.0,13.0
0604632,50.0,43.0,0.0,13.0
0604716,47.0,48.0,0.0,13.0
0604730,65.0,79.0,0.0,13.0
0604734,1864.0,288.0,12.0,21.0
0604758,14627.0,617.0,72.0,67.0
0604772,156.0,99.0,0.0,13.0
0604856,0.0,13.0,0.0,13.0
0604870,13250.0,553.0,1185.0,253.0
0604926,904.0,229.0,0.0,13.0
0604938,1170.0,293.0,15.0,24.0
0604982,32087.0,880.0,1354.0,253.0
0604996,16261.0,708.0,1330.0,260.0
0605108,13244.0,546.0,688.0,187.0
0605164,596.0,81.0,65.0,34.0
0605262,260.0,172.0,0.0,13.0
0605276,270.0,84.0,0.0,13.0
0605290,13207.0,526.0,482.0,153.0
0605332,3056.0,295.0,29.0,47.0
0605346,36.0,31.0,0.0,13.0
0606000,53356.0,1251.0,10559.0,736.0
0606028,3141.0,373.0,0.0,18.0
0606070,359.0,101.0,0.0,13.0
0606150,723.0,162.0,0.0,13.0
0606210,568.0,200.0,0.0,13.0
0606308,16422.0,511.0,425.0,145.0
0606336,113.0,69.0,0.0,13.0
0606406,4437.0,918.0,0.0,20.0
0606434,1852.0,234.0,2.0,4.0
0606475,18.0,16.0,4.0,9.0
0606518,110.0,50.0,0.0,13.0
0606560,529.0,110.0,0.0,13.0
0606567,14.0,12.0,0.0,13.0
0606616,874.0,149.0,0.0,13.0
0606635,417.0,109.0,0.0,13.0
0606728,197.0,133.0,0.0,13.0
0606798,2021.0,192.0,0.0,13.0
0606928,4079.0,420.0,118.0,94.0
0606935,346.0,173.0,0.0,13.0
0606982,490.0,106.0,51.0,49.0
0606994,44.0,50.0,0.0,13.0
0607036,98.0,58.0,0.0,13.0
0607064,8331.0,744.0,208.0,150.0
0607162,690.0,139.0,0.0,13.0
0607172,18.0,18.0,0.0,13.0
0607218,5525.0,430.0,55.0,47.0
0607246,46.0,50.0,0.0,13.0
0607260,354.0,165.0,0.0,13.0
0607274,550.0,229.0,0.0,13.0
0607316,619.0,173.0,29.0,16.0
0607372,56.0,35.0,0.0,13.0
0607379,3285.0,340.0,14.0,22.0
0607414,5536.0,654.0,26.0,33.0
0607470,1395.0,375.0,0.0,13.0
0607498,1709.0,255.0,0.0,13.0
0607512,563.0,190.0,0.0,13.0
0607525,271.0,103.0,0.0,13.0
0607568,493.0,130.0,0.0,13.0
0607578,433.0,152.0,0.0,13.0
0607596,1030.0,283.0,0.0,13.0
0607624,6745.0,613.0,240.0,135.0
0607652,2711.0,365.0,38.0,34.0
0607694,89.0,115.0,0.0,13.0
0607750,37.0,29.0,0.0,13.0
0607848,3694.0,480.0,157.0,122.0
0607946,355.0,59.0,12.0,14.0
0607974,39.0,22.0,0.0,13.0
0608058,8431.0,606.0,174.0,94.0
0608100,19466.0,667.0,289.0,165.0
0608142,21472.0,813.0,386.0,158.0
0608172,1666.0,373.0,49.0,52.0
0608240,110.0,95.0,0.0,13.0
0608310,2364.0,201.0,196.0,102.0
0608338,2232.0,357.0,229.0,108.0
0608478,1333.0,351.0,0.0,13.0
0608530,1210.0,342.0,11.0,18.0
0608680,737.0,208.0,0.0,13.0
0608716,3.0,5.0,0.0,13.0
0608744,0.0,13.0,0.0,13.0
0608758,2775.0,241.0,143.0,103.0
0608786,36238.0,887.0,1320.0,264.0
0608828,126.0,95.0,14.0,26.0
0608954,51745.0,1151.0,1513.0,304.0
0608968,3351.0,352.0,169.0,104.0
0609066,14570.0,613.0,1530.0,239.0
0609122,1029.0,291.0,0.0,13.0
0609150,67.0,33.0,0.0,13.0
0609310,363.0,122.0,0.0,13.0
0609318,16.0,25.0,0.0,13.0
0609324,325.0,122.0,5.0,7.0
0609332,506.0,113.0,0.0,13.0
0609346,412.0,155.0,0.0,13.0
0609353,1489.0,220.0,0.0,13.0
0609360,569.0,177.0,0.0,13.0
0609598,10504.0,464.0,39.0,36.0
0609710,12327.0,527.0,300.0,140.0
0609780,4455.0,572.0,20.0,33.0
0609822,12.0,12.0,0.0,13.0
0609834,111.0,93.0,0.0,13.0
0609864,2738.0,382.0,0.0,18.0
0609878,1959.0,313.0,15.0,24.0
0609892,2566.0,244.0,61.0,49.0
0609948,841.0,319.0,0.0,13.0
0609990,186.0,114.0,0.0,13.0
0610004,53.0,42.0,0.0,13.0
0610032,343.0,131.0,14.0,19.0
0610042,344.0,139.0,0.0,13.0
0610044,398.0,231.0,0.0,13.0
0610046,30155.0,689.0,276.0,120.0
0610074,2284.0,319.0,0.0,18.0
0610088,1639.0,256.0,0.0,13.0
0610256,7887.0,632.0,57.0,60.0
0610270,804.0,194.0,0.0,13.0
0610301,843.0,214.0,81.0,83.0
0610345,21492.0,605.0,518.0,209.0
0610494,94.0,71.0,0.0,13.0
0610508,943.0,229.0,0.0,13.0
0610559,3781.0,874.0,15.0,24.0
0610561,5037.0,691.0,10.0,16.0
0610676,27.0,22.0,0.0,13.0
0610732,137.0,86.0,0.0,13.0
0610816,61.0,38.0,0.0,13.0
0610914,0.0,13.0,0.0,13.0
0610928,4564.0,373.0,56.0,85.0
0611040,4848.0,341.0,201.0,145.0
0611166,0.0,13.0,0.0,13.0
0611194,48109.0,1181.0,1117.0,283.0
0611250,1604.0,260.0,31.0,41.0
0611324,2082.0,308.0,15.0,24.0
0611376,0.0,13.0,0.0,13.0
0611390,25850.0,928.0,615.0,173.0
0611418,132.0,64.0,0.0,13.0
0611446,6725.0,425.0,346.0,144.0
0611481,13.0,19.0,0.0,13.0
0611530,40792.0,1135.0,1329.0,275.0
0611600,25.0,37.0,0.0,13.0
0611614,1333.0,338.0,24.0,36.0
0611656,1628.0,313.0,0.0,13.0
0611691,8660.0,535.0,121.0,80.0
0611754,76.0,54.0,0.0,13.0
0611768,461.0,202.0,1.0,2.0
0611782,135.0,104.0,0.0,13.0
0611796,9386.0,470.0,185.0,106.0
0611915,551.0,144.0,47.0,48.0
0611964,28595.0,1051.0,2501.0,421.0
0611978,2446.0,409.0,48.0,56.0
0612048,21745.0,766.0,496.0,261.0
0612062,329.0,145.0,10.0,18.0
0612132,956.0,237.0,0.0,13.0
0612146,150.0,61.0,6.0,11.0
0612300,383.0,115.0,3.0,6.0
0612314,0.0,13.0,0.0,13.0
0612328,205.0,59.0,0.0,13.0
0612412,118.0,89.0,0.0,13.0
0612524,17132.0,848.0,203.0,104.0
0612552,21968.0,569.0,483.0,145.0
0612594,336.0,171.0,0.0,13.0
0612612,439.0,185.0,0.0,13.0
0612669,1808.0,310.0,19.0,30.0
0612734,3904.0,404.0,203.0,157.0
0612818,29.0,40.0,0.0,13.0
0612860,27.0,22.0,4.0,6.0
0612902,5869.0,519.0,329.0,152.0
0612916,1971.0,255.0,30.0,49.0
0612930,650.0,212.0,0.0,13.0
0613014,38596.0,958.0,432.0,164.0
0613077,223.0,182.0,0.0,13.0
0613157,547.0,193.0,0.0,13.0
0613182,29.0,20.0,0.0,13.0
0613210,32520.0,1094.0,531.0,211.0
0613214,35876.0,928.0,596.0,185.0
0613294,3599.0,478.0,20.0,29.0
0613364,509.0,114.0,0.0,13.0
0613392,104945.0,1983.0,3550.0,490.0
0613560,5084.0,673.0,120.0,92.0
0613588,38528.0,894.0,709.0,207.0
0613756,14698.0,564.0,716.0,179.0
0613784,158.0,93.0,0.0,13.0
0613854,567.0,181.0,0.0,13.0
0613882,5189.0,221.0,223.0,94.0
0613910,62.0,37.0,0.0,13.0
0613945,4556.0,464.0,35.0,38.0
0613966,541.0,201.0,0.0,13.0
0613985,1265.0,258.0,0.0,13.0
0614008,245.0,103.0,0.0,13.0
0614106,18.0,29.0,0.0,13.0
0614148,0.0,13.0,0.0,13.0
0614190,3733.0,323.0,11.0,19.0
0614218,41368.0,970.0,252.0,134.0
0614232,314.0,158.0,12.0,16.0
0614260,14306.0,623.0,190.0,103.0
0614274,5473.0,482.0,17.0,20.0
0614288,461.0,209.0,0.0,13.0
0614302,792.0,261.0,0.0,13.0
0614406,61.0,38.0,0.0,13.0
0614442,380.0,131.0,0.0,13.0
0614450,199.0,70.0,0.0,13.0
0614454,145.0,168.0,0.0,13.0
0614484,276.0,207.0,0.0,13.0
0614498,856.0,172.0,0.0,13.0
0614554,61.0,63.0,0.0,13.0
0614708,786.0,252.0,0.0,13.0
0614736,1002.0,189.0,216.0,69.0
0614764,136.0,97.0,0.0,13.0
0614890,20635.0,948.0,593.0,196.0
0614904,669.0,241.0,15.0,24.0
0614946,2356.0,221.0,14.0,15.0
0614974,4547.0,329.0,189.0,96.0
0615030,96.0,66.0,0.0,13.0
0615044,33648.0,961.0,2065.0,330.0
0616000,59437.0,1405.0,5730.0,639.0
0616035,127.0,81.0,0.0,13.0
0616090,3406.0,425.0,886.0,263.0
0616210,1717.0,325.0,0.0,13.0
0616224,3965.0,404.0,37.0,40.0
0616322,2578.0,348.0,0.0,18.0
0616350,67192.0,1071.0,1343.0,264.0
0616378,10983.0,457.0,368.0,149.0
0616420,1348.0,338.0,0.0,13.0
0616434,977.0,286.0,0.0,13.0
0616462,4649.0,283.0,480.0,153.0
0616532,58670.0,1087.0,1884.0,383.0
0616560,3709.0,215.0,85.0,73.0
0616580,6819.0,385.0,23.0,28.0
0616630,1302.0,264.0,0.0,13.0
0616644,69.0,94.0,0.0,13.0
0616651,3787.0,355.0,36.0,44.0
0616714,209.0,217.0,0.0,13.0
0616728,459.0,153.0,8.0,14.0
0616742,21141.0,701.0,1057.0,250.0
0616762,70.0,44.0,0.0,13.0
0617022,1419.0,205.0,15.0,28.0
0617050,65.0,64.0,0.0,13.0
0617078,185.0,92.0,0.0,13.0
0617106,1173.0,219.0,0.0,13.0
0617162,3105.0,598.0,59.0,72.0
0617232,36.0,39.0,0.0,13.0
0617267,70.0,79.0,0.0,13.0
0617274,1584.0,207.0,87.0,58.0
0617288,20.0,22.0,0.0,13.0
0617372,429.0,189.0,0.0,13.0
0617428,180.0,253.0,0.0,13.0
0617498,9025.0,471.0,642.0,177.0
0617568,20444.0,715.0,649.0,155.0
0617610,25081.0,652.0,471.0,132.0
0617708,1409.0,368.0,0.0,13.0
0617722,1361.0,329.0,0.0,13.0
0617727,23.0,14.0,0.0,13.0
0617750,23118.0,736.0,356.0,128.0
0617918,51329.0,1129.0,9688.0,865.0
0617946,17198.0,651.0,291.0,136.0
0617988,18439.0,640.0,1054.0,187.0
0617995,0.0,13.0,0.0,13.0
0618030,22.0,33.0,0.0,13.0
0618086,174.0,56.0,0.0,13.0
0618100,30589.0,804.0,2203.0,332.0
0618153,1423.0,248.0,23.0,37.0
0618324,564.0,157.0,0.0,13.0
0618352,4979.0,456.0,100.0,74.0
0618394,15016.0,833.0,95.0,73.0
0618450,120.0,114.0,0.0,13.0
0618464,4136.0,546.0,0.0,20.0
0618485,291.0,153.0,0.0,13.0
0618506,2223.0,238.0,37.0,34.0
0618590,1635.0,287.0,16.0,25.0
0618674,478.0,225.0,0.0,13.0
0618688,899.0,98.0,11.0,17.0
0618695,774.0,242.0,0.0,13.0
0618856,2406.0,411.0,0.0,13.0
0618926,117.0,60.0,0.0,13.0
0618940,537.0,146.0,0.0,13.0
0618982,39.0,25.0,0.0,13.0
0618986,866.0,231.0,0.0,18.0
0618996,9007.0,566.0,159.0,88.0
0619022,910.0,316.0,0.0,18.0
0619024,250.0,131.0,0.0,13.0
0619052,869.0,255.0,45.0,70.0
0619150,401.0,223.0,0.0,13.0
0619155,433.0,152.0,0.0,13.0
0619192,27538.0,700.0,528.0,132.0
0619220,4115.0,504.0,13.0,21.0
0619262,0.0,13.0,0.0,13.0
0619318,8051.0,360.0,24.0,33.0
0619339,5744.0,665.0,66.0,57.0
0619402,8542.0,405.0,28.0,33.0
0619406,1141.0,158.0,0.0,13.0
0619416,47.0,55.0,0.0,13.0
0619440,903.0,175.0,0.0,13.0
0619455,503.0,169.0,0.0,13.0
0619570,57.0,65.0,0.0,13.0
0619584,298.0,77.0,0.0,13.0
0619612,1511.0,267.0,0.0,18.0
0619654,19.0,29.0,0.0,13.0
0619724,199.0,66.0,0.0,13.0
0619766,48739.0,1246.0,1250.0,302.0
0619794,114.0,75.0,0.0,13.0
0619878,56.0,55.0,0.0,13.0
0619976,77.0,73.0,0.0,13.0
0619990,9136.0,467.0,197.0,94.0
0620018,22101.0,685.0,1442.0,228.0
0620032,178.0,61.0,0.0,13.0
0620228,411.0,178.0,0.0,13.0
0620242,494.0,103.0,5.0,8.0
0620270,2599.0,387.0,82.0,111.0
0620284,201.0,75.0,0.0,13.0
0620298,71.0,42.0,0.0,13.0
0620424,8.0,12.0,0.0,13.0
0620438,2235.0,306.0,27.0,42.0
0620598,3238.0,376.0,77.0,63.0
0620697,6560.0,615.0,45.0,40.0
0620802,48976.0,1354.0,6895.0,691.0
0620900,76.0,36.0,2.0,3.0
0620907,1068.0,169.0,0.0,13.0
0620928,805.0,186.0,0.0,13.0
0620942,99.0,73.0,0.0,13.0
0620956,12282.0,751.0,670.0,236.0
0620984,2691.0,240.0,115.0,57.0
0621012,2125.0,301.0,28.0,22.0
0621026,1176.0,258.0,0.0,13.0
0621034,5363.0,496.0,248.0,97.0
0621061,1511.0,229.0,157.0,70.0
0621096,7966.0,521.0,625.0,251.0
0621138,30.0,44.0,0.0,13.0
0621188,509.0,205.0,0.0,13.0
0621210,462.0,127.0,0.0,13.0
0621230,25608.0,1296.0,249.0,141.0
0621292,4653.0,315.0,112.0,74.0
0621530,23.0,14.0,0.0,13.0
0621558,62.0,31.0,0.0,13.0
0621565,89.0,80.0,0.0,13.0
0621600,1461.0,622.0,0.0,13.0
0621712,40255.0,1011.0,1425.0,319.0
0621782,15273.0,604.0,154.0,72.0
0621796,11988.0,441.0,2752.0,297.0
0621810,2354.0,313.0,16.0,26.0
0621880,19496.0,725.0,232.0,107.0
0621894,561.0,198.0,0.0,13.0
0621936,2659.0,288.0,34.0,44.0
0621964,772.0,113.0,0.0,13.0
0622006,17.0,14.0,0.0,13.0
0622020,68277.0,1323.0,1995.0,388.0
0622034,728.0,200.0,0.0,13.0
0622146,69.0,85.0,0.0,13.0
0622230,46354.0,1071.0,3107.0,522.0
0622286,133.0,77.0,0.0,13.0
0622300,12977.0,630.0,145.0,84.0
0622328,304.0,90.0,0.0,13.0
0622360,0.0,13.0,0.0,13.0
0622370,2408.0,571.0,0.0,18.0
0622412,9007.0,396.0,120.0,60.0
0622454,6113.0,688.0,354.0,142.0
0622457,5609.0,577.0,133.0,89.0
0622510,1782.0,284.0,0.0,13.0
0622524,2166.0,271.0,25.0,26.0
0622587,2420.0,248.0,38.0,34.0
0622594,6300.0,472.0,1085.0,286.0
0622622,1224.0,240.0,0.0,13.0
0622678,29806.0,934.0,602.0,204.0
0622790,3420.0,340.0,63.0,82.0
0622804,62466.0,1123.0,1334.0,304.0
0622846,1181.0,263.0,10.0,16.0
0622972,222.0,63.0,2.0,3.0
0623000,2061.0,329.0,0.0,18.0
0623042,11964.0,561.0,158.0,82.0
0623126,3911.0,292.0,14.0,21.0
0623150,869.0,282.0,0.0,13.0
0623168,4206.0,281.0,294.0,121.0
0623182,48511.0,1137.0,1226.0,344.0
0623210,356.0,179.0,4.0,16.0
0623294,14039.0,707.0,282.0,122.0
0623350,4911.0,465.0,449.0,138.0
0623462,12815.0,724.0,184.0,80.0
0623532,145.0,90.0,0.0,13.0
0623616,3559.0,333.0,95.0,79.0
0623630,129.0,101.0,0.0,13.0
0623812,67.0,38.0,0.0,13.0
0623826,2222.0,293.0,20.0,24.0
0623910,664.0,123.0,13.0,20.0
0623973,2144.0,405.0,101.0,80.0
0623980,92.0,98.0,0.0,13.0
0624008,389.0,77.0,4.0,5.0
0624022,23.0,35.0,0.0,13.0
0624092,6107.0,498.0,114.0,120.0
0624134,2445.0,368.0,26.0,41.0
0624218,17.0,31.0,0.0,13.0
0624477,22670.0,921.0,3225.0,468.0
0624498,16406.0,761.0,532.0,175.0
0624526,36.0,32.0,0.0,13.0
0624568,33.0,22.0,0.0,13.0
0624638,31421.0,740.0,705.0,188.0
0624680,77821.0,1344.0,1670.0,346.0
0624722,13378.0,739.0,439.0,191.0
0624750,149.0,180.0,0.0,13.0
0624764,1403.0,375.0,9.0,15.0
0624834,873.0,261.0,0.0,13.0
0624897,613.0,273.0,51.0,56.0
0624918,394.0,164.0,0.0,13.0
0624960,1528.0,242.0,28.0,33.0
0625030,36.0,23.0,0.0,13.0
0625058,3216.0,281.0,0.0,18.0
0625114,4484.0,550.0,142.0,103.0
0625128,239.0,64.0,2.0,3.0
0625296,4174.0,421.0,117.0,86.0
0625300,170.0,130.0,0.0,13.0
0625338,15063.0,414.0,394.0,110.0
0625380,25915.0,824.0,352.0,145.0
0625436,2224.0,212.0,0.0,18.0
0625488,2044.0,328.0,0.0,18.0
0625506,0.0,13.0,0.0,13.0
0625534,1000.0,348.0,10.0,19.0
0625576,1377.0,183.0,96.0,76.0
0625590,10.0,15.0,0.0,13.0
0626000,91855.0,1721.0,6792.0,649.0
0626028,927.0,432.0,11.0,26.0
0626056,72.0,30.0,0.0,13.0
0626067,9384.0,872.0,48.0,46.0
0627000,183813.0,2621.0,3834.0,417.0
0627014,106.0,99.0,0.0,13.0
0627080,579.0,164.0,0.0,13.0
0627130,1324.0,232.0,64.0,67.0
0627190,191.0,70.0,0.0,13.0
0628000,62857.0,1096.0,2115.0,307.0
0628014,397.0,207.0,0.0,13.0
0628021,129.0,59.0,0.0,13.0
0628112,9336.0,531.0,68.0,85.0
0628154,321.0,122.0,0.0,13.0
0628168,25941.0,877.0,1152.0,245.0
0628182,3757.0,449.0,69.0,58.0
0628210,136.0,74.0,0.0,13.0
0629000,74196.0,1236.0,2939.0,462.0
0629070,77.0,50.0,0.0,13.0
0629112,2296.0,404.0,0.0,18.0
0629154,160.0,89.0,0.0,13.0
0629252,56.0,63.0,0.0,13.0
0629350,907.0,257.0,0.0,13.0
0629392,365.0,132.0,0.0,13.0
0629420,448.0,108.0,3.0,5.0
0629504,21719.0,690.0,564.0,248.0
0630000,87796.0,1576.0,3778.0,551.0
0630014,22344.0,678.0,501.0,118.0
0630028,276.0,105.0,0.0,13.0
0630282,3185.0,415.0,29.0,48.0
0630339,0.0,13.0,0.0,13.0
0630345,3982.0,347.0,187.0,86.0
0630378,15525.0,649.0,620.0,181.0
0630392,3623.0,325.0,38.0,39.0
0630410,2686.0,344.0,67.0,77.0
0630420,0.0,13.0,0.0,13.0
0630476,1247.0,303.0,75.0,63.0
0630560,149.0,82.0,0.0,13.0
0630658,5981.0,407.0,61.0,55.0
0630686,247.0,97.0,0.0,13.0
0630693,9711.0,629.0,135.0,78.0
0630703,1562.0,329.0,0.0,13.0
0630714,0.0,13.0,0.0,13.0
0630798,4671.0,423.0,32.0,42.0
0630812,1064.0,257.0,16.0,24.0
0630882,366.0,164.0,0.0,13.0
0630900,134.0,72.0,2.0,4.0
0630938,2208.0,318.0,0.0,18.0
0630944,640.0,198.0,0.0,13.0
0630987,1930.0,394.0,50.0,61.0
0630994,6672.0,446.0,81.0,52.0
0631029,56.0,37.0,0.0,13.0
0631092,597.0,163.0,0.0,13.0
0631099,770.0,232.0,16.0,25.0
0631134,76.0,73.0,0.0,13.0
0631162,212.0,108.0,0.0,13.0
0631246,94.0,45.0,0.0,13.0
0631260,2243.0,353.0,34.0,50.0
0631288,121.0,61.0,0.0,13.0
0631302,224.0,112.0,0.0,13.0
0631372,246.0,128.0,0.0,13.0
0631393,6183.0,409.0,55.0,56.0
0631414,2951.0,275.0,150.0,85.0
0631470,1857.0,298.0,23.0,33.0
0631540,176.0,108.0,0.0,13.0
0631568,1854.0,304.0,64.0,91.0
0631596,25085.0,921.0,602.0,181.0
0631708,5756.0,306.0,147.0,91.0
0631883,300.0,107.0,0.0,13.0
0631890,606.0,106.0,3.0,4.0
0631960,21895.0,668.0,95.0,61.0
0632030,331.0,62.0,1.0,3.0
0632044,2227.0,427.0,0.0,13.0
0632156,40.0,26.0,3.0,7.0
0632324,0.0,13.0,0.0,13.0
0632340,1213.0,221.0,43.0,67.0
0632385,524.0,122.0,11.0,12.0
0632408,89.0,52.0,0.0,13.0
0632506,6190.0,442.0,246.0,119.0
0632548,37873.0,1188.0,2564.0,453.0
0632562,623.0,186.0,25.0,39.0
0633000,64524.0,1195.0,4961.0,531.0
0633056,5129.0,341.0,102.0,89.0
0633084,1640.0,326.0,21.0,25.0
0633182,23497.0,748.0,277.0,129.0
0633294,534.0,158.0,0.0,13.0
0633308,12069.0,491.0,1232.0,275.0
0633336,111.0,53.0,0.0,13.0
0633364,11676.0,605.0,125.0,83.0
0633434,28921.0,1039.0,294.0,128.0
0633504,169.0,43.0,0.0,13.0
0633518,655.0,114.0,0.0,13.0
0633532,1630.0,238.0,0.0,13.0
0633549,2382.0,383.0,42.0,38.0
0633574,1714.0,371.0,0.0,13.0
0633588,19917.0,838.0,283.0,125.0
0633633,1906.0,161.0,78.0,41.0
0633798,4344.0,228.0,217.0,96.0
0633861,2167.0,385.0,0.0,13.0
0633935,115.0,59.0,0.0,13.0
0634120,15141.0,581.0,84.0,72.0
0634246,2145.0,326.0,0.0,18.0
0634281,527.0,121.0,41.0,46.0
0634302,4606.0,530.0,131.0,81.0
0634316,1701.0,358.0,1.0,5.0
0634392,1030.0,253.0,0.0,13.0
0634405,0.0,13.0,0.0,13.0
0634428,43.0,41.0,0.0,13.0
0634484,94.0,54.0,0.0,13.0
0634652,391.0,131.0,0.0,13.0
0634694,94.0,39.0,0.0,13.0
0634708,28.0,49.0,0.0,13.0
0634904,2217.0,248.0,0.0,18.0
0634928,1653.0,300.0,37.0,46.0
0636000,95920.0,1184.0,1108.0,230.0
0636056,23930.0,766.0,3168.0,362.0
0636084,1352.0,295.0,80.0,72.0
0636098,129.0,117.0,0.0,13.0
0636126,559.0,132.0,16.0,25.0
0636168,15.0,16.0,0.0,13.0
0636203,941.0,259.0,0.0,13.0
0636280,5777.0,517.0,0.0,20.0
0636294,11176.0,601.0,645.0,181.0
0636350,220.0,55.0,0.0,13.0
0636364,5.0,10.0,0.0,13.0
0636420,440.0,153.0,0.0,13.0
0636434,1573.0,242.0,0.0,18.0
0636448,28330.0,941.0,506.0,174.0
0636452,693.0,566.0,0.0,13.0
0636490,107.0,64.0,0.0,13.0
0636546,46680.0,1084.0,3703.0,491.0
0636613,3569.0,444.0,21.0,25.0
0636616,690.0,166.0,13.0,15.0
0636658,406.0,126.0,0.0,13.0
0636672,1324.0,200.0,10.0,17.0
0636735,103.0,105.0,0.0,13.0
0636770,104650.0,1593.0,1520.0,310.0
0636826,616.0,79.0,19.0,24.0
0636868,10364.0,777.0,557.0,177.0
0636882,272.0,98.0,0.0,13.0
0636910,1893.0,292.0,0.0,13.0
0636980,1674.0,205.0,8.0,17.0
0637022,140.0,181.0,0.0,13.0
0637106,1251.0,300.0,18.0,27.0
0637120,2581.0,307.0,0.0,18.0
0637134,646.0,164.0,0.0,13.0
0637274,38.0,31.0,0.0,13.0
0637400,80.0,122.0,0.0,13.0
0637484,381.0,86.0,7.0,11.0
0637512,10.0,16.0,0.0,13.0
0637554,2663.0,410.0,49.0,55.0
0637582,635.0,217.0,0.0,13.0
0637596,309.0,102.0,0.0,13.0
0637624,137.0,109.0,0.0,13.0
0637692,37785.0,1248.0,296.0,99.0
0637904,83.0,46.0,0.0,13.0
0637918,40.0,38.0,0.0,13.0
0637946,112.0,75.0,0.0,13.0
0638024,675.0,217.0,0.0,13.0
0638044,1469.0,436.0,0.0,13.0
0638065,1036.0,322.0,23.0,40.0
0638076,0.0,13.0,0.0,13.0
0638086,2623.0,211.0,446.0,122.0
0638114,3071.0,289.0,245.0,111.0
0638156,384.0,183.0,51.0,67.0
0638226,4481.0,562.0,0.0,20.0
0638310,460.0,217.0,43.0,68.0
0638352,120.0,63.0,0.0,13.0
0638394,597.0,209.0,0.0,13.0
0638422,1679.0,282.0,9.0,13.0
0638520,4643.0,457.0,13.0,21.0
0638548,2116.0,481.0,52.0,62.0
0638562,4616.0,371.0,7.0,11.0
0638604,189.0,198.0,0.0,13.0
0638646,46.0,41.0,14.0,22.0
0638702,322.0,90.0,0.0,13.0
0638772,761.0,204.0,33.0,53.0
0638800,367.0,135.0,0.0,13.0
0639003,8717.0,399.0,78.0,55.0
0639045,9555.0,600.0,131.0,67.0
0639094,804.0,262.0,0.0,13.0
0639108,3197.0,349.0,1.0,3.0
0639114,10214.0,553.0,26.0,31.0
0639122,10760.0,478.0,1541.0,268.0
0639178,11815.0,527.0,127.0,85.0
0639220,15208.0,563.0,384.0,144.0
0639248,31524.0,868.0,452.0,176.0
0639259,3191.0,315.0,53.0,47.0
0639283,1267.0,241.0,20.0,28.0
0639290,27838.0,779.0,1174.0,254.0
0639304,2247.0,223.0,30.0,35.0
0639318,545.0,218.0,0.0,13.0
0639411,168.0,110.0,0.0,13.0
0639420,50.0,56.0,0.0,13.0
0639425,137.0,118.0,0.0,13.0
0639444,3648.0,609.0,38.0,44.0
0639460,932.0,258.0,0.0,13.0
0639472,9.0,15.0,0.0,13.0
0639483,0.0,13.0,0.0,13.0
0639484,502.0,192.0,0.0,13.0
0639486,21162.0,897.0,257.0,110.0
0639496,41360.0,876.0,503.0,205.0
0639514,103.0,45.0,0.0,13.0
0639556,198.0,117.0,0.0,13.0
0639570,831.0,254.0,0.0,13.0
0639598,4247.0,563.0,46.0,63.0
0639612,4023.0,512.0,44.0,45.0
0639645,1998.0,331.0,24.0,32.0
0639670,1212.0,213.0,7.0,13.0
0639690,1304.0,288.0,0.0,13.0
0639696,292.0,161.0,0.0,13.0
0639710,2072.0,281.0,0.0,13.0
0639715,696.0,313.0,0.0,13.0
0639724,1429.0,391.0,0.0,13.0
0639735,698.0,202.0,25.0,40.0
0639766,9253.0,711.0,57.0,65.0
0639836,627.0,251.0,0.0,13.0
0639885,1966.0,392.0,0.0,18.0
0639892,38419.0,878.0,720.0,184.0
0640004,28309.0,881.0,816.0,221.0
0640032,21390.0,627.0,489.0,132.0
0640088,5975.0,624.0,23.0,28.0
0640116,131.0,63.0,0.0,13.0
0640130,55224.0,1384.0,942.0,254.0
0640256,7032.0,362.0,187.0,77.0
0640312,0.0,13.0,0.0,13.0
0640326,15261.0,828.0,357.0,123.0
0640340,16935.0,662.0,517.0,152.0
0640354,15495.0,671.0,159.0,145.0
0640410,4992.0,442.0,338.0,134.0
0640426,4078.0,414.0,9.0,14.0
0640438,5918.0,340.0,636.0,166.0
0640508,1250.0,146.0,0.0,13.0
0640526,3118.0,373.0,27.0,32.0
0640536,30.0,47.0,0.0,13.0
0640592,1030.0,265.0,11.0,17.0
0640704,6284.0,352.0,89.0,46.0
0640746,395.0,133.0,0.0,13.0
0640830,13878.0,464.0,357.0,139.0
0640872,162.0,111.0,0.0,13.0
0640886,14264.0,673.0,634.0,223.0
0640928,397.0,129.0,0.0,13.0
0640956,500.0,212.0,0.0,13.0
0640998,164.0,140.0,0.0,13.0
0641026,17.0,14.0,0.0,13.0
0641040,590.0,95.0,0.0,13.0
0641110,39.0,29.0,0.0,13.0
0641124,10701.0,508.0,420.0,168.0
0641142,4299.0,470.0,130.0,102.0
0641152,11072.0,593.0,154.0,142.0
0641166,3620.0,452.0,291.0,141.0
0641180,9249.0,670.0,1073.0,288.0
0641194,1245.0,284.0,51.0,71.0
0641208,775.0,151.0,0.0,13.0
0641278,520.0,175.0,6.0,10.0
0641282,1127.0,194.0,12.0,18.0
0641390,0.0,13.0,0.0,13.0
0641474,15494.0,555.0,139.0,84.0
0641558,1742.0,286.0,0.0,13.0
0641572,5459.0,511.0,54.0,55.0
0641656,149.0,43.0,0.0,13.0
0641670,839.0,201.0,17.0,28.0
0641712,3976.0,396.0,9.0,14.0
0641740,162.0,94.0,0.0,13.0
0641782,22.0,26.0,0.0,13.0
0641789,10.0,16.0,0.0,13.0
0641866,93.0,91.0,0.0,13.0
0641880,586.0,307.0,0.0,13.0
0641922,7992.0,515.0,313.0,150.0
0641936,2937.0,274.0,25.0,30.0
0641992,40618.0,944.0,1249.0,297.0
0642006,4725.0,398.0,11.0,16.0
0642104,1202.0,242.0,0.0,13.0
0642146,128.0,66.0,0.0,13.0
0642202,24233.0,854.0,243.0,115.0
0642230,26.0,16.0,0.0,13.0
0642328,319.0,115.0,0.0,13.0
0642370,10068.0,676.0,71.0,71.0
0642384,54.0,46.0,0.0,13.0
0642412,887.0,203.0,0.0,13.0
0642468,10088.0,578.0,289.0,140.0
0642510,544.0,163.0,0.0,13.0
0642524,16128.0,595.0,784.0,184.0
0642566,614.0,187.0,0.0,13.0
0642580,765.0,146.0,0.0,13.0
0642622,115.0,115.0,0.0,13.0
0643000,207072.0,2156.0,15513.0,997.0
0643126,0.0,13.0,0.0,13.0
0643140,2948.0,265.0,0.0,18.0
0643224,5436.0,324.0,84.0,52.0
0643252,712.0,138.0,0.0,13.0
0643280,11959.0,425.0,265.0,99.0
0643294,3023.0,241.0,0.0,18.0
0644000,1745818.0,6158.0,193029.0,3634.0
0644028,12809.0,796.0,0.0,27.0
0644042,328.0,181.0,0.0,13.0
0644112,12993.0,495.0,81.0,55.0
0644140,749.0,206.0,12.0,22.0
0644168,464.0,120.0,0.0,13.0
0644182,7070.0,492.0,40.0,31.0
0644242,650.0,155.0,0.0,13.0
0644280,808.0,164.0,10.0,16.0
0644350,341.0,163.0,0.0,13.0
0644364,355.0,103.0,12.0,27.0
0644378,1552.0,189.0,30.0,36.0
0644399,2628.0,271.0,279.0,103.0
0644406,715.0,228.0,0.0,13.0
0644420,1349.0,332.0,3.0,7.0
0644574,24969.0,843.0,1528.0,317.0
0644644,382.0,199.0,0.0,13.0
0644672,0.0,13.0,0.0,13.0
0644700,92.0,59.0,0.0,13.0
0644760,369.0,263.0,0.0,13.0
0644770,2.0,3.0,0.0,13.0
0644784,428.0,107.0,5.0,8.0
0644812,149.0,102.0,0.0,13.0
0644826,4034.0,377.0,61.0,52.0
0644830,37.0,47.0,0.0,13.0
0644910,7779.0,538.0,121.0,94.0
0644924,37.0,22.0,0.0,13.0
0645006,1734.0,277.0,0.0,13.0
0645022,16850.0,907.0,41.0,33.0
0645050,3155.0,446.0,0.0,20.0
0645064,138.0,64.0,30.0,37.0
0645092,98.0,61.0,0.0,13.0
0645120,3406.0,423.0,105.0,84.0
0645232,238.0,155.0,2.0,10.0
0645246,5510.0,402.0,28.0,28.0
0645358,4810.0,357.0,225.0,117.0
0645386,114.0,51.0,0.0,13.0
0645400,17201.0,507.0,198.0,94.0
0645414,416.0,116.0,0.0,13.0
0645484,28481.0,837.0,408.0,155.0
0645512,103.0,28.0,0.0,13.0
0645680,139.0,105.0,0.0,13.0
0645736,329.0,56.0,4.0,5.0
0645778,9194.0,529.0,407.0,182.0
0645806,5710.0,535.0,85.0,72.0
0645820,1263.0,216.0,219.0,106.0
0645932,518.0,210.0,53.0,65.0
0645988,146.0,92.0,0.0,13.0
0646100,98.0,61.0,0.0,13.0
0646114,17890.0,739.0,1139.0,263.0
0646170,4265.0,411.0,33.0,37.0
0646223,299.0,78.0,0.0,13.0
0646226,2146.0,247.0,51.0,47.0
0646338,360.0,92.0,0.0,13.0
0646400,1593.0,264.0,11.0,18.0
0646436,2699.0,278.0,32.0,31.0
0646492,10846.0,616.0,627.0,157.0
0646520,825.0,224.0,21.0,25.0
0646618,219.0,114.0,0.0,13.0
0646632,1323.0,208.0,26.0,29.0
0646646,5434.0,633.0,53.0,42.0
0646660,2350.0,374.0,59.0,47.0
0646702,2023.0,440.0,13.0,22.0
0646814,420.0,200.0,0.0,13.0
0646828,3056.0,486.0,58.0,78.0
0646842,28502.0,1046.0,121.0,74.0
0646870,15705.0,495.0,728.0,172.0
0646884,4180.0,380.0,23.0,25.0
0646898,27884.0,869.0,177.0,78.0
0646926,189.0,68.0,0.0,13.0
0647013,229.0,76.0,0.0,13.0
0647066,356.0,112.0,0.0,13.0
0647086,114.0,55.0,0.0,13.0
0647164,63.0,29.0,0.0,13.0
0647192,28.0,18.0,0.0,13.0
0647332,539.0,224.0,0.0,13.0
0647374,173.0,107.0,0.0,13.0
0647430,3837.0,519.0,194.0,165.0
0647472,83.0,77.0,0.0,13.0
0647486,9957.0,362.0,909.0,186.0
0647710,6443.0,314.0,579.0,167.0
0647724,333.0,86.0,0.0,13.0
0647766,29509.0,746.0,749.0,151.0
0647794,105.0,40.0,0.0,13.0
0647822,345.0,141.0,0.0,13.0
0648046,3349.0,397.0,20.0,48.0
0648060,114.0,90.0,0.0,13.0
0648147,1091.0,216.0,0.0,13.0
0648186,1650.0,276.0,92.0,58.0
0648256,45502.0,893.0,724.0,312.0
0648298,337.0,188.0,0.0,13.0
0648354,78811.0,1522.0,1212.0,313.0
0648448,29.0,34.0,0.0,13.0
0648452,1177.0,210.0,0.0,13.0
0648480,304.0,157.0,0.0,13.0
0648592,41.0,28.0,0.0,13.0
0648602,60.0,61.0,0.0,13.0
0648641,733.0,192.0,0.0,13.0
0648648,18284.0,619.0,620.0,239.0
0648676,2.0,6.0,0.0,13.0
0648690,638.0,149.0,1.0,3.0
0648718,1400.0,307.0,67.0,50.0
0648760,1482.0,351.0,77.0,73.0
0648788,15300.0,614.0,609.0,225.0
0648816,25543.0,732.0,1581.0,310.0
0648844,2998.0,287.0,16.0,26.0
0648872,15457.0,541.0,731.0,210.0
0648914,25684.0,758.0,969.0,262.0
0648916,111.0,115.0,0.0,13.0
0648928,500.0,129.0,25.0,22.0
0648956,1431.0,190.0,0.0,13.0
0648998,32.0,28.0,0.0,13.0
0649045,752.0,206.0,0.0,13.0
0649138,17384.0,652.0,260.0,126.0
0649180,1437.0,353.0,30.0,49.0
0649187,6667.0,381.0,1010.0,183.0
0649270,73354.0,1398.0,1274.0,281.0
0649278,17481.0,636.0,510.0,180.0
0649348,1398.0,233.0,0.0,13.0
0649362,5193.0,491.0,19.0,29.0
0649432,26.0,29.0,0.0,13.0
0649446,1441.0,262.0,117.0,95.0
0649488,136.0,68.0,0.0,13.0
0649544,33.0,26.0,0.0,13.0
0649558,308.0,131.0,0.0,13.0
0649582,4028.0,604.0,107.0,87.0
0649600,82.0,66.0,0.0,13.0
0649628,654.0,219.0,0.0,13.0
0649651,897.0,204.0,11.0,17.0
0649670,41047.0,944.0,1829.0,329.0
0649684,1223.0,343.0,11.0,17.0
0649768,9.0,10.0,0.0,13.0
0649796,550.0,179.0,26.0,42.0
0649810,12.0,19.0,0.0,13.0
0649852,1587.0,186.0,0.0,13.0
0649950,251.0,59.0,10.0,15.0
0650034,621.0,266.0,0.0,13.0
0650076,43529.0,1335.0,56.0,48.0
0650132,3386.0,397.0,18.0,25.0
0650146,57.0,93.0,0.0,13.0
0650188,2090.0,266.0,18.0,32.0
0650258,36392.0,858.0,503.0,170.0
0650398,25184.0,981.0,1918.0,326.0
0650734,1785.0,230.0,0.0,13.0
0650874,1358.0,264.0,40.0,45.0
0650916,18677.0,766.0,777.0,192.0
0651000,479.0,105.0,11.0,16.0
0651028,156.0,49.0,3.0,4.0
0651042,122.0,72.0,0.0,13.0
0651140,3907.0,384.0,0.0,20.0
0651168,42.0,63.0,0.0,13.0
0651182,42886.0,1240.0,361.0,141.0
0651280,6.0,10.0,0.0,13.0
0651294,786.0,271.0,0.0,13.0
0651336,77.0,30.0,0.0,13.0
0651392,194.0,89.0,0.0,13.0
0651470,240.0,133.0,0.0,13.0
0651476,7444.0,553.0,112.0,89.0
0651560,10108.0,496.0,180.0,108.0
0651574,28.0,25.0,0.0,13.0
0651622,303.0,113.0,0.0,13.0
0651637,5366.0,423.0,100.0,87.0
0651812,360.0,131.0,0.0,13.0
0651820,1939.0,273.0,83.0,51.0
0651840,7197.0,578.0,460.0,159.0
0651890,192.0,123.0,0.0,13.0
0651924,14853.0,689.0,512.0,191.0
0651990,1262.0,240.0,0.0,13.0
0652162,1520.0,334.0,126.0,90.0
0652246,45.0,50.0,0.0,13.0
0652302,515.0,151.0,8.0,17.0
0652379,11419.0,705.0,31.0,32.0
0652526,44493.0,1108.0,1535.0,307.0
0652582,25404.0,791.0,1208.0,273.0
0652610,0.0,13.0,0.0,13.0
0652624,2387.0,368.0,12.0,15.0
0652694,8104.0,549.0,64.0,56.0
0652715,245.0,160.0,0.0,13.0
0652760,3215.0,473.0,6.0,13.0
0652764,799.0,229.0,0.0,13.0
0653000,178694.0,2168.0,32009.0,1142.0
0653070,15217.0,708.0,373.0,166.0
0653116,6989.0,397.0,25.0,30.0
0653160,41.0,42.0,0.0,13.0
0653182,2173.0,299.0,0.0,13.0
0653196,76.0,103.0,0.0,13.0
0653224,2055.0,351.0,31.0,37.0
0653266,699.0,212.0,0.0,13.0
0653294,3315.0,484.0,30.0,35.0
0653322,77399.0,1230.0,2371.0,424.0
0653378,69.0,56.0,0.0,13.0
0653448,11221.0,645.0,172.0,114.0
0653476,3221.0,265.0,23.0,29.0
0653490,112.0,71.0,0.0,13.0
0653505,2281.0,314.0,0.0,18.0
0653602,7.0,13.0,0.0,13.0
0653714,4666.0,436.0,45.0,37.0
0653896,70372.0,1407.0,1342.0,346.0
0653910,128.0,88.0,0.0,13.0
0653980,66143.0,1149.0,1945.0,390.0
0654008,2697.0,257.0,0.0,18.0
0654092,14776.0,658.0,383.0,152.0
0654120,12320.0,622.0,137.0,68.0
0654218,80.0,46.0,0.0,13.0
0654232,7821.0,414.0,1131.0,199.0
0654274,2612.0,258.0,11.0,19.0
0654372,2893.0,364.0,12.0,19.0
0654386,5415.0,457.0,99.0,82.0
0654388,3007.0,377.0,0.0,18.0
0654652,86357.0,1632.0,1475.0,361.0
0654764,2003.0,366.0,116.0,77.0
0654806,19376.0,534.0,1186.0,228.0
0654848,7342.0,293.0,81.0,72.0
0655044,1003.0,220.0,30.0,46.0
0655048,119.0,84.0,0.0,13.0
0655086,1416.0,251.0,2.0,4.0
0655156,54802.0,1410.0,1581.0,310.0
0655184,18915.0,907.0,297.0,136.0
0655254,19460.0,552.0,353.0,103.0
0655282,30222.0,696.0,1629.0,309.0
0655296,521.0,180.0,0.0,13.0
0655380,5170.0,321.0,24.0,27.0
0655422,16.0,26.0,0.0,13.0
0655506,6.0,9.0,0.0,13.0
0655520,9584.0,652.0,144.0,126.0
0655528,208.0,86.0,0.0,13.0
0655604,188.0,164.0,0.0,13.0
0655618,21374.0,649.0,890.0,225.0
0655728,230.0,104.0,19.0,21.0
0655751,547.0,135.0,0.0,13.0
0655800,4799.0,503.0,168.0,105.0
0655842,574.0,241.0,0.0,13.0
0655856,4871.0,479.0,0.0,20.0
0656000,66617.0,1398.0,4269.0,629.0
0656028,550.0,212.0,0.0,13.0
0656042,21.0,14.0,0.0,13.0
0656112,7381.0,584.0,21.0,26.0
0656120,712.0,216.0,0.0,13.0
0656140,241.0,124.0,0.0,13.0
0656182,0.0,13.0,0.0,13.0
0656196,16.0,8.0,0.0,13.0
0656294,7.0,10.0,0.0,13.0
0656476,1456.0,317.0,52.0,62.0
0656518,438.0,149.0,0.0,13.0
0656546,298.0,126.0,0.0,13.0
0656700,22018.0,877.0,389.0,165.0
0656756,434.0,201.0,0.0,13.0
0656784,28664.0,827.0,886.0,208.0
0656798,327.0,137.0,0.0,13.0
0656826,4836.0,572.0,101.0,101.0
0656854,38.0,58.0,0.0,13.0
0656868,110.0,84.0,0.0,13.0
0656870,1712.0,331.0,0.0,13.0
0656924,26431.0,789.0,860.0,258.0
0656938,4980.0,253.0,566.0,143.0
0657011,12.0,19.0,0.0,13.0
0657036,73.0,63.0,0.0,13.0
0657070,786.0,246.0,0.0,13.0
0657134,35.0,26.0,0.0,13.0
0657148,684.0,213.0,0.0,13.0
0657204,1272.0,261.0,16.0,25.0
0657240,660.0,251.0,16.0,27.0
0657244,781.0,197.0,0.0,13.0
0657260,388.0,120.0,0.0,13.0
0657288,8368.0,477.0,699.0,202.0
0657302,1665.0,289.0,40.0,67.0
0657330,348.0,98.0,33.0,18.0
0657372,636.0,145.0,0.0,13.0
0657414,3440.0,294.0,92.0,91.0
0657456,27580.0,776.0,2347.0,373.0
0657512,849.0,215.0,16.0,26.0
0657526,23383.0,706.0,542.0,202.0
0657540,4084.0,342.0,16.0,26.0
0657568,221.0,78.0,8.0,15.0
0657582,1820.0,312.0,9.0,20.0
0657764,16051.0,614.0,1965.0,316.0
0657792,33373.0,841.0,2394.0,409.0
0657825,2827.0,396.0,112.0,134.0
0657828,95.0,63.0,0.0,13.0
0657829,2617.0,322.0,14.0,21.0
0657834,473.0,127.0,0.0,13.0
0657876,219.0,82.0,0.0,13.0
0657960,467.0,224.0,0.0,13.0
0658030,2659.0,396.0,16.0,27.0
0658072,58708.0,1278.0,2178.0,364.0
0658134,26.0,37.0,0.0,13.0
0658191,757.0,184.0,0.0,13.0
0658226,94.0,77.0,0.0,13.0
0658240,19503.0,887.0,219.0,117.0
0658296,9260.0,546.0,157.0,96.0
0658352,910.0,173.0,0.0,13.0
0658380,1512.0,223.0,29.0,33.0
0658422,0.0,13.0,0.0,13.0
0658436,0.0,13.0,0.0,13.0
0658478,247.0,146.0,0.0,13.0
0658506,371.0,151.0,12.0,19.0
0658520,23592.0,671.0,343.0,145.0
0658618,0.0,13.0,0.0,13.0
0658758,74.0,35.0,0.0,13.0
0658814,67.0,103.0,0.0,13.0
0658870,8568.0,588.0,93.0,89.0
0659052,4119.0,365.0,84.0,56.0
0659080,668.0,187.0,0.0,13.0
0659115,86.0,48.0,0.0,13.0
0659220,121.0,85.0,0.0,13.0
0659248,657.0,154.0,0.0,13.0
0659290,94.0,61.0,0.0,13.0
0659346,9031.0,667.0,64.0,65.0
0659426,2685.0,342.0,0.0,18.0
0659444,27888.0,848.0,1268.0,275.0
0659451,78243.0,1691.0,1397.0,338.0
0659500,6045.0,501.0,8.0,18.0
0659506,2743.0,361.0,14.0,22.0
0659514,17510.0,673.0,250.0,113.0
0659550,10447.0,575.0,182.0,134.0
0659584,1055.0,196.0,0.0,13.0
0659587,24916.0,713.0,194.0,123.0
0659604,428.0,184.0,0.0,13.0
0659668,9.0,14.0,0.0,13.0
0659892,4885.0,426.0,111.0,143.0
0659896,439.0,177.0,0.0,13.0
0659906,22.0,22.0,0.0,13.0
0659920,35517.0,941.0,398.0,167.0
0659962,30387.0,843.0,445.0,151.0
0660018,36950.0,874.0,527.0,159.0
0660088,306.0,164.0,0.0,13.0
0660102,38423.0,858.0,1395.0,238.0
0660214,903.0,356.0,0.0,13.0
0660242,8983.0,544.0,65.0,83.0
0660279,1470.0,320.0,117.0,60.0
0660466,36807.0,958.0,722.0,205.0
0660592,104.0,46.0,0.0,13.0
0660606,936.0,173.0,15.0,17.0
0660620,45069.0,1184.0,6270.0,718.0
0660662,106.0,97.0,0.0,13.0
0660704,12368.0,523.0,17.0,26.0
0660706,1483.0,182.0,9.0,20.0
0660900,1294.0,180.0,0.0,13.0
0660928,4182.0,391.0,25.0,28.0
0660942,5618.0,551.0,62.0,41.0
0660970,158.0,43.0,0.0,13.0
0660984,2452.0,298.0,53.0,64.0
0661012,160.0,67.0,12.0,20.0
0661026,6135.0,404.0,35.0,30.0
0661068,9014.0,448.0,19.0,21.0
0661096,1155.0,240.0,0.0,13.0
0661106,283.0,147.0,0.0,13.0
0661124,132.0,94.0,0.0,13.0
0662000,125736.0,2063.0,3555.0,563.0
0662168,156.0,50.0,0.0,13.0
0662200,23.0,26.0,0.0,13.0
0662364,26447.0,966.0,337.0,162.0
0662490,3870.0,494.0,162.0,80.0
0662496,111.0,39.0,0.0,13.0
0662546,20422.0,826.0,468.0,147.0
0662602,795.0,122.0,3.0,5.0
0662625,428.0,122.0,0.0,13.0
0662644,3323.0,216.0,11.0,15.0
0662700,937.0,212.0,167.0,81.0
0662756,733.0,270.0,30.0,50.0
0662826,6955.0,708.0,84.0,64.0
0662854,6863.0,585.0,36.0,61.0
0662860,1531.0,193.0,9.0,15.0
0662868,3115.0,530.0,72.0,48.0
0662896,22794.0,651.0,986.0,225.0
0662910,10419.0,644.0,583.0,165.0
0662938,55119.0,1137.0,695.0,225.0
0662980,755.0,94.0,64.0,45.0
0663050,4735.0,404.0,92.0,59.0
0663106,701.0,285.0,0.0,13.0
0663134,18.0,27.0,0.0,13.0
0663148,203.0,61.0,0.0,13.0
0663168,498.0,198.0,1.0,7.0
0663218,22803.0,959.0,860.0,254.0
0663316,2329.0,430.0,12.0,20.0
0663386,33.0,32.0,1.0,2.0
0663400,113.0,94.0,0.0,13.0
0664000,197486.0,2721.0,7450.0,732.0
0664140,2791.0,241.0,1.0,2.0
0664210,6542.0,557.0,0.0,20.0
0664224,61899.0,1528.0,749.0,233.0
0664252,35.0,22.0,0.0,13.0
0664294,830.0,231.0,0.0,13.0
0664308,71.0,50.0,0.0,13.0
0664392,258.0,129.0,0.0,13.0
0664420,850.0,236.0,0.0,13.0
0664434,6090.0,355.0,759.0,206.0
0664462,1821.0,258.0,37.0,45.0
0664476,185.0,78.0,0.0,13.0
0665000,70768.0,1593.0,2292.0,419.0
0665028,22279.0,681.0,1926.0,370.0
0665042,50228.0,1044.0,999.0,282.0
0665070,14437.0,474.0,724.0,176.0
0665084,29402.0,877.0,517.0,204.0
0665112,119.0,33.0,5.0,8.0
0666000,635805.0,3934.0,24761.0,1307.0
0666004,4749.0,407.0,0.0,20.0
0666070,15389.0,545.0,316.0,120.0
0666140,9854.0,683.0,349.0,160.0
0667000,439726.0,2451.0,142350.0,2349.0
0667042,18301.0,606.0,632.0,157.0
0667056,9175.0,759.0,12.0,18.0
0667070,316.0,123.0,20.0,27.0
0667112,14173.0,718.0,94.0,70.0
0667126,621.0,131.0,0.0,13.0
0668000,442728.0,3474.0,15313.0,908.0
0668014,711.0,162.0,8.0,14.0
0668028,15330.0,610.0,245.0,146.0
0668084,39828.0,909.0,4753.0,498.0
0668112,10852.0,558.0,830.0,224.0
0668140,57.0,45.0,0.0,13.0
0668154,22743.0,848.0,608.0,242.0
0668196,34019.0,1135.0,691.0,195.0
0668224,5168.0,305.0,0.0,20.0
0668238,3198.0,455.0,39.0,49.0
0668252,50983.0,1021.0,4085.0,449.0
0668263,1610.0,249.0,259.0,134.0
0668266,1393.0,319.0,0.0,13.0
0668294,11799.0,708.0,1105.0,258.0
0668308,1063.0,178.0,53.0,44.0
0668364,29389.0,779.0,3333.0,497.0
0668378,34514.0,746.0,2064.0,301.0
0668434,242.0,141.0,0.0,13.0
0669000,143564.0,1616.0,10308.0,721.0
0669070,45638.0,1113.0,2554.0,499.0
0669084,55688.0,1152.0,2013.0,430.0
0669088,83925.0,1421.0,2972.0,499.0
0669112,29180.0,908.0,1756.0,386.0
0669154,6399.0,283.0,294.0,140.0
0669182,501.0,230.0,34.0,51.0
0669196,40546.0,983.0,903.0,233.0
0670000,48346.0,1008.0,1858.0,342.0
0670028,431.0,160.0,0.0,13.0
0670042,11975.0,753.0,129.0,75.0
0670098,75865.0,1455.0,1421.0,328.0
0670130,1408.0,253.0,0.0,13.0
0670140,516.0,183.0,10.0,16.0
0670154,2291.0,389.0,111.0,75.0
0670182,2341.0,427.0,9.0,14.0
0670224,24838.0,695.0,309.0,107.0
0670266,2474.0,337.0,331.0,134.0
0670280,12332.0,552.0,34.0,31.0
0670322,410.0,112.0,28.0,42.0
0670336,68.0,54.0,0.0,13.0
0670364,4463.0,326.0,689.0,172.0
0670518,459.0,135.0,0.0,13.0
0670588,5662.0,385.0,56.0,46.0
0670644,1643.0,246.0,25.0,29.0
0670686,9269.0,342.0,58.0,41.0
0670712,214.0,74.0,10.0,16.0
0670728,509.0,103.0,0.0,13.0
0670742,15913.0,645.0,1020.0,234.0
0670770,3955.0,243.0,24.0,38.0
0670798,609.0,165.0,19.0,31.0
0670882,8939.0,456.0,15.0,24.0
0670966,0.0,13.0,0.0,13.0
0671000,88.0,69.0,0.0,13.0
0671078,211.0,101.0,0.0,13.0
0671084,711.0,254.0,0.0,13.0
0671106,5725.0,428.0,0.0,20.0
0671134,474.0,141.0,0.0,13.0
0671218,940.0,211.0,4.0,6.0
0671225,3618.0,371.0,20.0,32.0
0671246,273.0,95.0,0.0,13.0
0671362,405.0,162.0,80.0,80.0
0671372,199.0,98.0,0.0,13.0
0671414,579.0,203.0,0.0,13.0
0671554,2424.0,451.0,97.0,94.0
0671568,713.0,199.0,0.0,13.0
0671680,28.0,16.0,0.0,13.0
0671774,149.0,85.0,0.0,13.0
0671778,167.0,125.0,0.0,13.0
0671806,5184.0,347.0,141.0,103.0
0671834,92.0,152.0,0.0,13.0
0671848,41.0,45.0,0.0,13.0
0671876,5082.0,318.0,208.0,104.0
0671927,477.0,173.0,0.0,13.0
0671932,0.0,13.0,0.0,13.0
0671964,2231.0,391.0,0.0,18.0
0672016,61937.0,1026.0,805.0,176.0
0672086,77.0,29.0,3.0,5.0
0672156,755.0,175.0,0.0,13.0
0672184,1118.0,211.0,104.0,64.0
0672282,42.0,32.0,0.0,13.0
0672338,110.0,85.0,0.0,13.0
0672380,348.0,154.0,0.0,13.0
0672408,27.0,27.0,0.0,13.0
0672478,334.0,138.0,3.0,8.0
0672492,0.0,13.0,0.0,13.0
0672506,6028.0,371.0,99.0,63.0
0672520,6238.0,684.0,78.0,67.0
0672576,2426.0,260.0,0.0,18.0
0672646,4626.0,381.0,43.0,40.0
0672674,2070.0,256.0,47.0,45.0
0672688,4829.0,429.0,64.0,51.0
0672772,744.0,239.0,0.0,13.0
0672954,636.0,277.0,0.0,13.0
0672996,8293.0,453.0,348.0,106.0
0673080,37910.0,992.0,2810.0,441.0
0673108,10462.0,528.0,274.0,130.0
0673167,2533.0,336.0,89.0,62.0
0673178,1657.0,291.0,0.0,18.0
0673220,13188.0,547.0,674.0,190.0
0673262,31041.0,844.0,3085.0,433.0
0673276,3231.0,417.0,69.0,49.0
0673290,7862.0,575.0,446.0,294.0
0673388,615.0,204.0,0.0,13.0
0673430,25313.0,795.0,661.0,191.0
0673554,25.0,17.0,0.0,13.0
0673612,371.0,162.0,0.0,13.0
0673654,0.0,13.0,0.0,13.0
0673690,326.0,130.0,0.0,13.0
0673696,13516.0,707.0,294.0,108.0
0673700,3029.0,467.0,0.0,18.0
0673710,234.0,111.0,0.0,13.0
0673794,586.0,205.0,0.0,13.0
0673815,198.0,178.0,0.0,13.0
0673868,1259.0,368.0,0.0,13.0
0673906,5772.0,500.0,191.0,87.0
0673962,17010.0,553.0,934.0,252.0
0674130,8025.0,443.0,158.0,87.0
0674144,82.0,74.0,0.0,13.0
0674172,259.0,117.0,0.0,13.0
0674186,13.0,25.0,0.0,13.0
0675000,105605.0,1927.0,1485.0,327.0
0675154,31.0,22.0,0.0,13.0
0675168,0.0,13.0,0.0,13.0
0675252,436.0,140.0,0.0,13.0
0675280,1155.0,564.0,0.0,13.0
0675315,2739.0,291.0,101.0,52.0
0675322,108.0,126.0,0.0,13.0
0675588,0.0,13.0,0.0,13.0
0675592,0.0,13.0,0.0,13.0
0675596,1.0,4.0,0.0,13.0
0675630,13160.0,534.0,405.0,181.0
0675672,168.0,83.0,0.0,13.0
0675714,693.0,252.0,39.0,64.0
0675994,1729.0,322.0,28.0,33.0
0676015,1005.0,276.0,5.0,8.0
0676040,154.0,182.0,0.0,13.0
0677000,71344.0,1245.0,3028.0,480.0
0677042,425.0,101.0,5.0,6.0
0677308,4260.0,575.0,64.0,66.0
0677364,4811.0,433.0,50.0,79.0
0677378,1158.0,214.0,0.0,13.0
0677392,937.0,213.0,6.0,10.0
0677430,148.0,89.0,0.0,13.0
0677574,2603.0,394.0,0.0,18.0
0677588,746.0,201.0,0.0,13.0
0677595,388.0,155.0,0.0,13.0
0677700,745.0,188.0,22.0,32.0
0677728,487.0,146.0,36.0,43.0
0677784,316.0,96.0,0.0,13.0
0677805,5783.0,348.0,466.0,146.0
0677924,1777.0,217.0,117.0,76.0
0677960,1441.0,328.0,9.0,15.0
0678008,96.0,113.0,0.0,13.0
0678050,25.0,20.0,0.0,13.0
0678092,3844.0,438.0,0.0,20.0
0678106,100.0,48.0,0.0,13.0
0678120,43793.0,1224.0,236.0,169.0
0678126,347.0,146.0,0.0,13.0
0678138,9875.0,575.0,172.0,100.0
0678148,16191.0,579.0,544.0,163.0
0678162,3310.0,406.0,13.0,21.0
0678176,0.0,13.0,0.0,13.0
0678232,157.0,79.0,0.0,13.0
0678288,1163.0,270.0,0.0,13.0
0678336,371.0,144.0,0.0,13.0
0678456,1262.0,395.0,12.0,21.0
0678470,1923.0,284.0,0.0,18.0
0678568,234.0,93.0,0.0,13.0
0678582,59558.0,1173.0,494.0,164.0
0678596,2911.0,408.0,0.0,18.0
0678638,1003.0,191.0,0.0,13.0
0678652,54.0,67.0,0.0,13.0
0678666,3588.0,256.0,375.0,145.0
0678715,56.0,27.0,0.0,13.0
0678750,736.0,142.0,4.0,6.0
0678792,0.0,13.0,0.0,13.0
0678890,161.0,108.0,0.0,13.0
0678932,55.0,29.0,0.0,13.0
0678949,42.0,25.0,0.0,13.0
0678960,4374.0,492.0,0.0,18.0
0679030,36.0,55.0,0.0,13.0
0679529,517.0,159.0,0.0,13.0
0680000,69847.0,1305.0,1595.0,312.0
0680238,34611.0,826.0,790.0,217.0
0680266,151.0,109.0,0.0,13.0
0680280,451.0,253.0,0.0,13.0
0680364,165.0,61.0,0.0,13.0
0680448,185.0,64.0,0.0,13.0
0680476,57.0,59.0,0.0,13.0
0680483,32.0,29.0,6.0,9.0
0680515,0.0,13.0,0.0,13.0
0680560,102.0,61.0,4.0,4.0
0680588,8673.0,488.0,0.0,20.0
0680644,22309.0,758.0,216.0,110.0
0680686,364.0,79.0,0.0,13.0
0680763,900.0,222.0,0.0,13.0
0680784,68.0,53.0,0.0,13.0
0680812,27542.0,919.0,89.0,69.0
0680854,37629.0,995.0,1081.0,293.0
0680882,0.0,13.0,0.0,13.0
0680896,321.0,122.0,0.0,13.0
0680952,7.0,14.0,0.0,13.0
0680966,830.0,280.0,0.0,13.0
0680994,12986.0,670.0,225.0,135.0
0681050,2751.0,368.0,66.0,78.0
0681134,6393.0,450.0,8.0,14.0
0681204,30288.0,873.0,2690.0,401.0
0681302,1799.0,236.0,69.0,49.0
0681312,0.0,13.0,0.0,13.0
0681344,33208.0,901.0,896.0,282.0
0681358,209.0,112.0,0.0,13.0
0681554,40005.0,1329.0,270.0,105.0
0681638,9117.0,538.0,313.0,152.0
0681652,148.0,112.0,0.0,13.0
0681666,49818.0,1082.0,2388.0,338.0
0681708,5210.0,498.0,12.0,16.0
0681722,195.0,79.0,0.0,13.0
0681736,4396.0,425.0,47.0,56.0
0681778,68.0,79.0,0.0,13.0
0681792,90.0,41.0,0.0,13.0
0681869,53.0,56.0,7.0,11.0
0681890,1426.0,361.0,0.0,13.0
0681925,0.0,13.0,0.0,13.0
0681967,1085.0,197.0,10.0,11.0
0682072,1793.0,321.0,8.0,12.0
0682086,3098.0,344.0,48.0,52.0
0682334,45.0,47.0,0.0,13.0
0682422,32.0,22.0,0.0,13.0
0682562,95.0,70.0,0.0,13.0
0682590,37314.0,1360.0,317.0,180.0
0682667,5127.0,440.0,115.0,92.0
0682744,2758.0,198.0,11.0,16.0
0682786,35.0,25.0,0.0,13.0
0682815,7641.0,769.0,346.0,165.0
0682842,1660.0,329.0,87.0,72.0
0682852,11218.0,576.0,151.0,75.0
0682954,50895.0,1436.0,505.0,196.0
0682996,40553.0,1186.0,1050.0,270.0
0683085,1018.0,343.0,2.0,3.0
0683094,36.0,57.0,0.0,13.0
0683108,38.0,39.0,0.0,13.0
0683262,382.0,198.0,0.0,13.0
0683304,96.0,103.0,0.0,13.0
0683332,14064.0,395.0,401.0,111.0
0683346,29902.0,860.0,4825.0,588.0
0683374,588.0,164.0,13.0,20.0
0683402,6188.0,472.0,602.0,166.0
0683460,1104.0,283.0,32.0,52.0
0683494,0.0,13.0,0.0,13.0
0683542,6801.0,445.0,31.0,49.0
0683570,0.0,13.0,0.0,13.0
0683612,3233.0,277.0,7.0,11.0
0683626,137.0,101.0,0.0,13.0
0683668,21143.0,730.0,441.0,168.0
0683724,59.0,31.0,0.0,13.0
0683766,54.0,37.0,0.0,13.0
0683794,1550.0,320.0,61.0,56.0
0683850,1048.0,180.0,27.0,36.0
0683863,896.0,205.0,0.0,13.0
0683948,592.0,172.0,10.0,19.0
0684004,22.0,36.0,0.0,13.0
0684116,3601.0,475.0,436.0,176.0
0684120,1381.0,156.0,13.0,20.0
0684144,9561.0,688.0,390.0,162.0
0684200,46357.0,999.0,1540.0,265.0
0684345,183.0,183.0,0.0,13.0
0684385,363.0,71.0,6.0,10.0
0684410,22665.0,759.0,1142.0,249.0
0684438,3601.0,249.0,0.0,18.0
0684480,276.0,165.0,0.0,13.0
0684536,1878.0,197.0,36.0,30.0
0684550,37771.0,912.0,1068.0,279.0
0684578,1569.0,245.0,31.0,43.0
0684592,10996.0,785.0,1625.0,303.0
0684606,452.0,90.0,14.0,21.0
0684680,320.0,105.0,6.0,8.0
0684732,252.0,149.0,0.0,13.0
0684774,9148.0,586.0,260.0,93.0
0684780,7320.0,577.0,675.0,241.0
0684816,20582.0,1008.0,268.0,119.0
0684921,10645.0,727.0,336.0,183.0
0684928,456.0,123.0,0.0,13.0
0685012,1433.0,176.0,11.0,14.0
0685086,27.0,31.0,0.0,13.0
0685208,164.0,83.0,0.0,13.0
0685222,122.0,67.0,0.0,13.0
0685292,38780.0,944.0,1152.0,261.0
0685446,13263.0,643.0,51.0,62.0
0685551,342.0,95.0,0.0,13.0
0685586,2199.0,238.0,0.0,18.0
0685600,2074.0,283.0,16.0,26.0
0685614,6277.0,534.0,375.0,139.0
0685642,608.0,236.0,9.0,13.0
0685684,2387.0,375.0,0.0,18.0
0685866,0.0,13.0,0.0,13.0
0685880,1455.0,248.0,0.0,13.0
0685894,1014.0,500.0,0.0,13.0
0685922,12536.0,490.0,71.0,44.0
0685992,9825.0,737.0,134.0,111.0
0686020,60.0,41.0,0.0,13.0
0686034,3022.0,353.0,54.0,47.0
0686076,3862.0,469.0,0.0,20.0
0686174,481.0,204.0,0.0,13.0
0686216,701.0,186.0,46.0,74.0
0686230,1671.0,305.0,11.0,19.0
0686244,6663.0,636.0,146.0,83.0
0686300,2635.0,275.0,13.0,17.0
0686328,24444.0,739.0,661.0,161.0
0686380,101.0,77.0,15.0,23.0
0686440,2061.0,184.0,10.0,16.0
0686482,845.0,169.0,3.0,5.0
0686594,1989.0,326.0,0.0,13.0
0686678,70.0,35.0,0.0,13.0
0686734,86.0,126.0,0.0,13.0
0686804,215.0,81.0,0.0,13.0
0686832,31473.0,632.0,306.0,143.0
0686878,1754.0,338.0,0.0,13.0
0686912,682.0,406.0,150.0,164.0
0686930,1055.0,188.0,12.0,13.0
0686944,2361.0,292.0,5.0,8.0
0686972,25675.0,895.0,535.0,182.0
0687042,21040.0,807.0,314.0,185.0
0687056,7313.0,502.0,22.0,28.0
0687090,388.0,89.0,0.0,13.0
