,Total:,No bedroom,1 bedroom,2 bedrooms,3 bedrooms,4 bedrooms,5 or more bedrooms,county
06001400100,1442.0,43.0,39.0,197.0,638.0,400.0,125.0,ala
06001400200,942.0,65.0,124.0,259.0,326.0,160.0,8.0,ala
06001400300,2703.0,290.0,875.0,850.0,446.0,183.0,59.0,ala
06001400400,1953.0,113.0,581.0,578.0,438.0,162.0,81.0,ala
06001400500,1709.0,68.0,565.0,562.0,395.0,96.0,23.0,ala
06001400600,769.0,23.0,195.0,257.0,258.0,26.0,10.0,ala
06001400700,2009.0,133.0,481.0,910.0,316.0,111.0,58.0,ala
06001400800,1676.0,180.0,429.0,536.0,445.0,29.0,57.0,ala
06001400900,1196.0,114.0,266.0,479.0,209.0,105.0,23.0,ala
06001401000,2705.0,96.0,686.0,965.0,742.0,216.0,0.0,ala
06001401100,2218.0,248.0,1094.0,425.0,373.0,62.0,16.0,ala
06001401200,1386.0,53.0,365.0,560.0,335.0,73.0,0.0,ala
06001401300,1857.0,410.0,887.0,353.0,147.0,0.0,60.0,ala
06001401400,1853.0,246.0,490.0,629.0,350.0,127.0,11.0,ala
06001401500,1243.0,179.0,345.0,337.0,340.0,17.0,25.0,ala
06001401600,968.0,0.0,180.0,470.0,235.0,62.0,21.0,ala
06001401700,841.0,24.0,145.0,398.0,229.0,24.0,21.0,ala
06001401800,860.0,87.0,131.0,292.0,272.0,26.0,52.0,ala
06001402200,1044.0,120.0,167.0,266.0,354.0,77.0,60.0,ala
06001402400,1192.0,167.0,215.0,332.0,271.0,60.0,147.0,ala
06001402500,867.0,36.0,141.0,297.0,312.0,81.0,0.0,ala
06001402600,617.0,64.0,323.0,119.0,71.0,17.0,23.0,ala
06001402700,798.0,69.0,212.0,244.0,173.0,0.0,100.0,ala
06001402800,1544.0,631.0,625.0,146.0,63.0,23.0,56.0,ala
06001402900,920.0,303.0,570.0,28.0,0.0,0.0,19.0,ala
06001403000,1587.0,247.0,729.0,489.0,56.0,66.0,0.0,ala
06001403100,629.0,214.0,145.0,202.0,44.0,0.0,24.0,ala
06001403300,2322.0,252.0,1185.0,721.0,131.0,25.0,8.0,ala
06001403400,3046.0,541.0,1916.0,512.0,49.0,0.0,28.0,ala
06001403501,2556.0,371.0,1579.0,441.0,124.0,17.0,24.0,ala
06001403502,1376.0,91.0,902.0,302.0,69.0,12.0,0.0,ala
06001403600,2978.0,166.0,1589.0,922.0,177.0,52.0,72.0,ala
06001403701,2058.0,512.0,1025.0,457.0,47.0,0.0,17.0,ala
06001403702,1216.0,96.0,697.0,390.0,33.0,0.0,0.0,ala
06001403800,2053.0,222.0,657.0,607.0,292.0,198.0,77.0,ala
06001403900,2405.0,85.0,982.0,1062.0,149.0,34.0,93.0,ala
06001404000,1866.0,50.0,979.0,712.0,71.0,12.0,42.0,ala
06001404101,1919.0,203.0,755.0,704.0,180.0,77.0,0.0,ala
06001404102,1750.0,253.0,1073.0,234.0,116.0,58.0,16.0,ala
06001404200,1473.0,0.0,170.0,275.0,477.0,431.0,120.0,ala
06001404300,1423.0,0.0,58.0,458.0,474.0,361.0,72.0,ala
06001404400,2442.0,0.0,205.0,822.0,708.0,567.0,140.0,ala
06001404501,739.0,0.0,32.0,81.0,367.0,202.0,57.0,ala
06001404502,2615.0,16.0,57.0,557.0,1221.0,540.0,224.0,ala
06001404600,1929.0,0.0,0.0,289.0,848.0,677.0,115.0,ala
06001404700,859.0,0.0,7.0,194.0,439.0,170.0,49.0,ala
06001404800,1353.0,118.0,336.0,481.0,329.0,69.0,20.0,ala
06001404900,2030.0,15.0,440.0,778.0,588.0,172.0,37.0,ala
06001405000,1691.0,43.0,314.0,415.0,624.0,254.0,41.0,ala
06001405100,1685.0,0.0,65.0,113.0,877.0,528.0,102.0,ala
06001405200,2717.0,138.0,1110.0,686.0,412.0,247.0,124.0,ala
06001405301,1733.0,113.0,766.0,772.0,40.0,27.0,15.0,ala
06001405302,1663.0,294.0,1064.0,249.0,56.0,0.0,0.0,ala
06001405401,1837.0,286.0,858.0,385.0,152.0,116.0,40.0,ala
06001405402,1309.0,79.0,479.0,475.0,238.0,16.0,22.0,ala
06001405500,1773.0,200.0,429.0,517.0,465.0,89.0,73.0,ala
06001405600,1499.0,127.0,696.0,318.0,245.0,64.0,49.0,ala
06001405700,1542.0,227.0,499.0,478.0,285.0,41.0,12.0,ala
06001405800,1430.0,33.0,135.0,601.0,450.0,148.0,63.0,ala
06001405901,1216.0,35.0,348.0,194.0,512.0,90.0,37.0,ala
06001405902,1055.0,85.0,249.0,431.0,225.0,44.0,21.0,ala
06001406000,1595.0,249.0,672.0,321.0,273.0,63.0,17.0,ala
06001406100,1607.0,26.0,392.0,539.0,504.0,126.0,20.0,ala
06001406201,1625.0,96.0,493.0,490.0,410.0,90.0,46.0,ala
06001406202,1410.0,227.0,367.0,597.0,105.0,80.0,34.0,ala
06001406300,1382.0,67.0,250.0,548.0,278.0,186.0,53.0,ala
06001406400,782.0,41.0,70.0,280.0,372.0,19.0,0.0,ala
06001406500,2113.0,55.0,340.0,907.0,608.0,189.0,14.0,ala
06001406601,1941.0,12.0,514.0,1027.0,360.0,28.0,0.0,ala
06001406602,1010.0,21.0,215.0,485.0,211.0,55.0,23.0,ala
06001406700,2387.0,47.0,192.0,1125.0,886.0,100.0,37.0,ala
06001406800,1506.0,0.0,233.0,577.0,505.0,127.0,64.0,ala
06001406900,1647.0,8.0,121.0,789.0,485.0,218.0,26.0,ala
06001407000,2360.0,94.0,617.0,920.0,458.0,144.0,127.0,ala
06001407101,1141.0,73.0,250.0,556.0,155.0,44.0,63.0,ala
06001407102,1422.0,46.0,164.0,561.0,475.0,164.0,12.0,ala
06001407200,1898.0,280.0,726.0,379.0,345.0,122.0,46.0,ala
06001407300,804.0,81.0,112.0,274.0,251.0,62.0,24.0,ala
06001407400,1231.0,52.0,332.0,381.0,407.0,10.0,49.0,ala
06001407500,1483.0,150.0,439.0,492.0,227.0,157.0,18.0,ala
06001407600,2443.0,89.0,312.0,1119.0,641.0,176.0,106.0,ala
06001407700,1927.0,135.0,27.0,846.0,804.0,98.0,17.0,ala
06001407800,828.0,0.0,10.0,374.0,271.0,112.0,61.0,ala
06001407900,1246.0,0.0,133.0,575.0,356.0,136.0,46.0,ala
06001408000,1032.0,12.0,0.0,106.0,636.0,171.0,107.0,ala
06001408100,2753.0,31.0,89.0,693.0,1185.0,568.0,187.0,ala
06001408200,1971.0,11.0,314.0,976.0,579.0,78.0,13.0,ala
06001408300,1954.0,4.0,214.0,723.0,780.0,233.0,0.0,ala
06001408400,1419.0,11.0,239.0,669.0,431.0,69.0,0.0,ala
06001408500,1765.0,32.0,202.0,1004.0,408.0,109.0,10.0,ala
06001408600,1963.0,35.0,355.0,893.0,489.0,116.0,75.0,ala
06001408700,2623.0,66.0,400.0,1253.0,829.0,63.0,12.0,ala
06001408800,1848.0,25.0,343.0,722.0,649.0,57.0,52.0,ala
06001408900,1141.0,0.0,288.0,535.0,237.0,70.0,11.0,ala
06001409000,1084.0,0.0,45.0,383.0,507.0,111.0,38.0,ala
06001409100,724.0,0.0,0.0,331.0,304.0,89.0,0.0,ala
06001409200,944.0,0.0,46.0,379.0,459.0,60.0,0.0,ala
06001409300,1678.0,18.0,219.0,861.0,441.0,98.0,41.0,ala
06001409400,1208.0,45.0,189.0,630.0,277.0,50.0,17.0,ala
06001409500,994.0,7.0,87.0,465.0,339.0,96.0,0.0,ala
06001409600,1702.0,19.0,99.0,908.0,474.0,188.0,14.0,ala
06001409700,1816.0,21.0,304.0,920.0,483.0,79.0,9.0,ala
06001409800,1391.0,0.0,216.0,534.0,513.0,75.0,53.0,ala
06001409900,1464.0,41.0,12.0,232.0,787.0,333.0,59.0,ala
06001410000,1243.0,0.0,33.0,359.0,614.0,212.0,25.0,ala
06001410100,1038.0,0.0,135.0,273.0,422.0,157.0,51.0,ala
06001410200,1264.0,0.0,176.0,712.0,340.0,28.0,8.0,ala
06001410300,1116.0,37.0,176.0,618.0,257.0,14.0,14.0,ala
06001410400,1427.0,58.0,174.0,522.0,552.0,99.0,22.0,ala
06001410500,1146.0,64.0,239.0,445.0,292.0,70.0,36.0,ala
06001420100,962.0,0.0,93.0,410.0,308.0,143.0,8.0,ala
06001420200,1309.0,23.0,298.0,667.0,253.0,58.0,10.0,ala
06001420300,2150.0,0.0,580.0,1119.0,281.0,170.0,0.0,ala
06001420400,952.0,0.0,172.0,708.0,72.0,0.0,0.0,ala
06001420500,1029.0,31.0,137.0,584.0,205.0,72.0,0.0,ala
06001420600,1353.0,0.0,215.0,509.0,420.0,128.0,81.0,ala
06001421100,854.0,0.0,0.0,159.0,446.0,213.0,36.0,ala
06001421200,1465.0,0.0,0.0,119.0,627.0,475.0,244.0,ala
06001421300,1679.0,9.0,186.0,413.0,606.0,317.0,148.0,ala
06001421400,679.0,20.0,38.0,83.0,210.0,249.0,79.0,ala
06001421500,1608.0,29.0,127.0,254.0,728.0,352.0,118.0,ala
06001421600,1669.0,104.0,249.0,307.0,508.0,347.0,154.0,ala
06001421700,1671.0,65.0,477.0,621.0,309.0,145.0,54.0,ala
06001421800,919.0,9.0,142.0,280.0,302.0,177.0,9.0,ala
06001421900,1791.0,62.0,354.0,870.0,364.0,141.0,0.0,ala
06001422000,574.0,29.0,164.0,246.0,129.0,6.0,0.0,ala
06001422100,1102.0,42.0,343.0,449.0,186.0,62.0,20.0,ala
06001422200,1637.0,76.0,615.0,668.0,164.0,62.0,52.0,ala
06001422300,1707.0,122.0,533.0,646.0,289.0,79.0,38.0,ala
06001422400,2232.0,301.0,1115.0,513.0,188.0,54.0,61.0,ala
06001422500,1647.0,258.0,793.0,404.0,93.0,62.0,37.0,ala
06001422600,27.0,0.0,9.0,0.0,10.0,0.0,8.0,ala
06001422700,1076.0,69.0,390.0,356.0,85.0,77.0,99.0,ala
06001422800,1540.0,218.0,828.0,294.0,56.0,72.0,72.0,ala
06001422900,1890.0,430.0,783.0,577.0,60.0,10.0,30.0,ala
06001423000,2114.0,63.0,520.0,989.0,425.0,64.0,53.0,ala
06001423100,1939.0,168.0,593.0,759.0,296.0,88.0,35.0,ala
06001423200,1154.0,109.0,255.0,419.0,236.0,93.0,42.0,ala
06001423300,1641.0,45.0,444.0,571.0,499.0,82.0,0.0,ala
06001423400,2174.0,95.0,792.0,790.0,407.0,77.0,13.0,ala
06001423500,1432.0,105.0,295.0,480.0,308.0,166.0,78.0,ala
06001423601,1293.0,65.0,411.0,411.0,203.0,109.0,94.0,ala
06001423602,2546.0,348.0,928.0,878.0,219.0,66.0,107.0,ala
06001423700,1396.0,221.0,407.0,163.0,181.0,282.0,142.0,ala
06001423800,1325.0,16.0,147.0,281.0,386.0,292.0,203.0,ala
06001423901,832.0,10.0,248.0,246.0,246.0,55.0,27.0,ala
06001423902,783.0,36.0,228.0,199.0,148.0,99.0,73.0,ala
06001424001,1562.0,56.0,424.0,654.0,239.0,124.0,65.0,ala
06001424002,968.0,28.0,194.0,562.0,135.0,38.0,11.0,ala
06001425101,1341.0,139.0,964.0,164.0,55.0,19.0,0.0,ala
06001425102,1780.0,181.0,1070.0,417.0,112.0,0.0,0.0,ala
06001425103,1288.0,43.0,501.0,649.0,95.0,0.0,0.0,ala
06001425104,1708.0,174.0,773.0,531.0,199.0,16.0,15.0,ala
06001426100,2105.0,12.0,0.0,290.0,635.0,895.0,273.0,ala
06001426200,1692.0,0.0,75.0,279.0,778.0,489.0,71.0,ala
06001427100,1430.0,36.0,143.0,421.0,566.0,223.0,41.0,ala
06001427200,1632.0,0.0,345.0,681.0,459.0,93.0,54.0,ala
06001427300,2125.0,137.0,582.0,668.0,355.0,214.0,169.0,ala
06001427600,1769.0,20.0,452.0,876.0,270.0,137.0,14.0,ala
06001427700,2418.0,79.0,947.0,761.0,510.0,98.0,23.0,ala
06001427800,2113.0,81.0,655.0,704.0,397.0,157.0,119.0,ala
06001427900,2252.0,43.0,736.0,744.0,456.0,181.0,92.0,ala
06001428000,1399.0,66.0,557.0,580.0,155.0,29.0,12.0,ala
06001428100,2030.0,230.0,300.0,764.0,534.0,184.0,18.0,ala
06001428200,2665.0,74.0,396.0,850.0,1003.0,266.0,76.0,ala
06001428301,2485.0,8.0,33.0,496.0,1591.0,300.0,57.0,ala
06001428302,2685.0,0.0,57.0,332.0,1063.0,1038.0,195.0,ala
06001428400,1996.0,37.0,591.0,914.0,330.0,25.0,99.0,ala
06001428500,1543.0,7.0,370.0,795.0,198.0,125.0,48.0,ala
06001428600,1580.0,29.0,536.0,525.0,232.0,240.0,18.0,ala
06001428700,1450.0,139.0,50.0,301.0,505.0,435.0,20.0,ala
06001430101,2284.0,0.0,13.0,277.0,799.0,1125.0,70.0,ala
06001430102,942.0,0.0,34.0,140.0,189.0,533.0,46.0,ala
06001430200,2445.0,0.0,10.0,252.0,1315.0,718.0,150.0,ala
06001430300,1327.0,0.0,21.0,124.0,636.0,435.0,111.0,ala
06001430400,758.0,0.0,9.0,65.0,382.0,264.0,38.0,ala
06001430500,2126.0,79.0,106.0,906.0,811.0,159.0,65.0,ala
06001430600,2169.0,12.0,86.0,340.0,1006.0,620.0,105.0,ala
06001430700,1386.0,0.0,30.0,290.0,703.0,244.0,119.0,ala
06001430800,2173.0,60.0,157.0,551.0,1221.0,148.0,36.0,ala
06001430900,1889.0,46.0,411.0,1196.0,215.0,5.0,16.0,ala
06001431000,1156.0,0.0,518.0,323.0,311.0,4.0,0.0,ala
06001431100,1380.0,14.0,288.0,619.0,371.0,88.0,0.0,ala
06001431200,2693.0,50.0,506.0,1211.0,782.0,133.0,11.0,ala
06001432100,1384.0,51.0,106.0,473.0,628.0,116.0,10.0,ala
06001432200,1656.0,120.0,368.0,754.0,279.0,121.0,14.0,ala
06001432300,1613.0,80.0,232.0,632.0,407.0,152.0,110.0,ala
06001432400,1759.0,11.0,185.0,469.0,901.0,171.0,22.0,ala
06001432501,1426.0,74.0,141.0,313.0,775.0,102.0,21.0,ala
06001432502,1406.0,0.0,208.0,582.0,496.0,120.0,0.0,ala
06001432600,2869.0,125.0,909.0,1351.0,410.0,30.0,44.0,ala
06001432700,1003.0,0.0,68.0,436.0,411.0,76.0,12.0,ala
06001432800,1433.0,28.0,28.0,288.0,776.0,246.0,67.0,ala
06001433000,1379.0,15.0,17.0,564.0,607.0,165.0,11.0,ala
06001433102,1298.0,21.0,76.0,486.0,507.0,170.0,38.0,ala
06001433103,1527.0,84.0,695.0,552.0,186.0,0.0,10.0,ala
06001433104,1726.0,152.0,623.0,606.0,285.0,42.0,18.0,ala
06001433200,2686.0,237.0,746.0,497.0,877.0,296.0,33.0,ala
06001433300,2108.0,0.0,24.0,269.0,1328.0,445.0,42.0,ala
06001433400,2242.0,0.0,49.0,681.0,874.0,492.0,146.0,ala
06001433500,1350.0,17.0,11.0,142.0,1002.0,173.0,5.0,ala
06001433600,2070.0,27.0,343.0,643.0,932.0,98.0,27.0,ala
06001433700,1089.0,90.0,237.0,370.0,331.0,22.0,39.0,ala
06001433800,2567.0,19.0,501.0,881.0,1021.0,111.0,34.0,ala
06001433900,2343.0,30.0,464.0,1364.0,389.0,96.0,0.0,ala
06001434000,1800.0,42.0,399.0,825.0,436.0,70.0,28.0,ala
06001435102,1579.0,31.0,152.0,423.0,456.0,406.0,111.0,ala
06001435103,2080.0,48.0,13.0,85.0,566.0,1039.0,329.0,ala
06001435104,2177.0,12.0,513.0,1126.0,335.0,97.0,94.0,ala
06001435200,1449.0,11.0,69.0,233.0,621.0,497.0,18.0,ala
06001435300,1770.0,0.0,334.0,806.0,396.0,196.0,38.0,ala
06001435400,2154.0,243.0,648.0,821.0,326.0,97.0,19.0,ala
06001435500,1512.0,70.0,405.0,593.0,369.0,51.0,24.0,ala
06001435601,1634.0,16.0,157.0,1289.0,172.0,0.0,0.0,ala
06001435602,1692.0,31.0,441.0,665.0,464.0,74.0,17.0,ala
06001435700,1523.0,26.0,161.0,272.0,925.0,109.0,30.0,ala
06001435800,1641.0,0.0,13.0,135.0,1123.0,338.0,32.0,ala
06001435900,1672.0,0.0,0.0,224.0,1104.0,308.0,36.0,ala
06001436000,1435.0,0.0,0.0,109.0,1165.0,141.0,20.0,ala
06001436100,1800.0,42.0,376.0,237.0,1026.0,103.0,16.0,ala
06001436200,1227.0,5.0,249.0,698.0,240.0,20.0,15.0,ala
06001436300,2208.0,26.0,301.0,1214.0,566.0,59.0,42.0,ala
06001436401,3122.0,199.0,326.0,1077.0,1080.0,369.0,71.0,ala
06001436402,1101.0,0.0,0.0,86.0,351.0,481.0,183.0,ala
06001436500,1848.0,34.0,671.0,675.0,357.0,66.0,45.0,ala
06001436601,1995.0,29.0,234.0,848.0,781.0,103.0,0.0,ala
06001436602,1733.0,25.0,676.0,594.0,275.0,151.0,12.0,ala
06001436700,1036.0,55.0,165.0,417.0,344.0,55.0,0.0,ala
06001436800,1427.0,41.0,332.0,319.0,535.0,136.0,64.0,ala
06001436900,1968.0,0.0,272.0,601.0,820.0,266.0,9.0,ala
06001437000,1282.0,0.0,239.0,269.0,676.0,98.0,0.0,ala
06001437101,1894.0,0.0,0.0,291.0,715.0,628.0,260.0,ala
06001437102,1536.0,46.0,226.0,437.0,729.0,98.0,0.0,ala
06001437200,2320.0,3.0,257.0,926.0,627.0,380.0,127.0,ala
06001437300,908.0,0.0,44.0,220.0,530.0,104.0,10.0,ala
06001437400,974.0,0.0,12.0,37.0,817.0,93.0,15.0,ala
06001437500,1245.0,0.0,158.0,691.0,380.0,16.0,0.0,ala
06001437600,953.0,0.0,60.0,277.0,573.0,19.0,24.0,ala
06001437701,1155.0,6.0,189.0,617.0,300.0,43.0,0.0,ala
06001437702,1145.0,0.0,91.0,851.0,185.0,18.0,0.0,ala
06001437800,1436.0,0.0,117.0,240.0,752.0,245.0,82.0,ala
06001437900,735.0,43.0,150.0,233.0,298.0,11.0,0.0,ala
06001438000,1134.0,0.0,56.0,256.0,650.0,152.0,20.0,ala
06001438100,2189.0,47.0,68.0,255.0,1401.0,364.0,54.0,ala
06001438201,1283.0,0.0,24.0,261.0,905.0,93.0,0.0,ala
06001438203,1328.0,0.0,40.0,394.0,504.0,350.0,40.0,ala
06001438204,1951.0,17.0,104.0,872.0,815.0,121.0,22.0,ala
06001438300,965.0,14.0,49.0,72.0,750.0,56.0,24.0,ala
06001438400,762.0,20.0,26.0,76.0,418.0,198.0,24.0,ala
06001440100,806.0,16.0,70.0,372.0,160.0,121.0,67.0,ala
06001440200,1514.0,10.0,51.0,554.0,631.0,238.0,30.0,ala
06001440301,2272.0,0.0,196.0,402.0,1054.0,488.0,132.0,ala
06001440304,1426.0,10.0,111.0,323.0,499.0,425.0,58.0,ala
06001440305,1079.0,14.0,0.0,60.0,376.0,560.0,69.0,ala
06001440306,1102.0,7.0,47.0,289.0,480.0,225.0,54.0,ala
06001440307,1698.0,51.0,71.0,755.0,561.0,239.0,21.0,ala
06001440308,2109.0,91.0,496.0,233.0,731.0,466.0,92.0,ala
06001440331,967.0,7.0,71.0,380.0,246.0,228.0,35.0,ala
06001440332,925.0,0.0,32.0,27.0,191.0,458.0,217.0,ala
06001440333,891.0,0.0,9.0,101.0,332.0,344.0,105.0,ala
06001440334,1149.0,0.0,21.0,174.0,469.0,457.0,28.0,ala
06001440335,1773.0,61.0,158.0,265.0,404.0,629.0,256.0,ala
06001440336,1566.0,0.0,119.0,607.0,571.0,269.0,0.0,ala
06001441100,1708.0,66.0,68.0,283.0,730.0,390.0,171.0,ala
06001441200,2619.0,14.0,626.0,483.0,819.0,561.0,116.0,ala
06001441301,1220.0,19.0,292.0,381.0,146.0,320.0,62.0,ala
06001441302,1892.0,10.0,212.0,136.0,717.0,790.0,27.0,ala
06001441401,2437.0,0.0,405.0,519.0,877.0,560.0,76.0,ala
06001441402,1753.0,0.0,75.0,286.0,517.0,800.0,75.0,ala
06001441501,1779.0,0.0,55.0,124.0,612.0,887.0,101.0,ala
06001441503,1574.0,0.0,104.0,440.0,544.0,464.0,22.0,ala
06001441521,1870.0,13.0,9.0,170.0,754.0,899.0,25.0,ala
06001441522,1502.0,17.0,0.0,200.0,573.0,629.0,83.0,ala
06001441523,1434.0,0.0,107.0,811.0,368.0,148.0,0.0,ala
06001441524,1374.0,83.0,86.0,477.0,377.0,340.0,11.0,ala
06001441601,1478.0,0.0,9.0,128.0,924.0,382.0,35.0,ala
06001441602,2338.0,0.0,547.0,375.0,1078.0,318.0,20.0,ala
06001441700,2779.0,51.0,434.0,1303.0,781.0,190.0,20.0,ala
06001441800,2437.0,0.0,406.0,899.0,673.0,447.0,12.0,ala
06001441921,1318.0,0.0,197.0,428.0,480.0,176.0,37.0,ala
06001441923,2276.0,101.0,1042.0,1028.0,71.0,22.0,12.0,ala
06001441924,2658.0,0.0,427.0,1061.0,643.0,478.0,49.0,ala
06001441925,2917.0,19.0,1226.0,1628.0,44.0,0.0,0.0,ala
06001441926,1517.0,137.0,321.0,693.0,279.0,87.0,0.0,ala
06001441927,1808.0,31.0,664.0,767.0,346.0,0.0,0.0,ala
06001442000,1051.0,0.0,7.0,42.0,294.0,472.0,236.0,ala
06001442100,1720.0,0.0,75.0,253.0,517.0,687.0,188.0,ala
06001442200,2208.0,0.0,36.0,189.0,1000.0,784.0,199.0,ala
06001442301,1477.0,13.0,263.0,224.0,837.0,74.0,66.0,ala
06001442302,1816.0,13.0,472.0,727.0,508.0,96.0,0.0,ala
06001442400,1929.0,0.0,205.0,196.0,960.0,547.0,21.0,ala
06001442500,2264.0,13.0,313.0,381.0,1076.0,378.0,103.0,ala
06001442601,1288.0,0.0,81.0,62.0,863.0,237.0,45.0,ala
06001442602,1762.0,0.0,294.0,431.0,633.0,373.0,31.0,ala
06001442700,1103.0,0.0,77.0,284.0,514.0,228.0,0.0,ala
06001442800,970.0,0.0,0.0,285.0,466.0,205.0,14.0,ala
06001442900,2392.0,0.0,162.0,483.0,849.0,775.0,123.0,ala
06001443001,851.0,0.0,8.0,30.0,666.0,140.0,7.0,ala
06001443002,1816.0,0.0,21.0,454.0,1026.0,286.0,29.0,ala
06001443102,1496.0,0.0,0.0,32.0,368.0,854.0,242.0,ala
06001443103,1198.0,0.0,0.0,36.0,81.0,596.0,485.0,ala
06001443104,1772.0,0.0,119.0,295.0,637.0,595.0,126.0,ala
06001443105,1460.0,53.0,0.0,83.0,376.0,757.0,191.0,ala
06001443200,1210.0,0.0,0.0,0.0,187.0,593.0,430.0,ala
06001443301,1266.0,0.0,0.0,58.0,415.0,736.0,57.0,ala
06001443321,1301.0,0.0,112.0,775.0,358.0,24.0,32.0,ala
06001443322,959.0,0.0,0.0,105.0,537.0,239.0,78.0,ala
06001444100,2567.0,10.0,191.0,77.0,1081.0,1051.0,157.0,ala
06001444200,1988.0,12.0,44.0,371.0,1089.0,407.0,65.0,ala
06001444301,1185.0,0.0,99.0,151.0,444.0,433.0,58.0,ala
06001444302,1288.0,0.0,65.0,557.0,284.0,296.0,86.0,ala
06001444400,1503.0,0.0,72.0,512.0,735.0,157.0,27.0,ala
06001444500,2041.0,21.0,299.0,581.0,663.0,391.0,86.0,ala
06001444601,1492.0,0.0,17.0,21.0,806.0,610.0,38.0,ala
06001444602,1594.0,13.0,196.0,657.0,523.0,205.0,0.0,ala
06001450101,1510.0,9.0,467.0,501.0,314.0,172.0,47.0,ala
06001450102,1201.0,0.0,174.0,199.0,290.0,392.0,146.0,ala
06001450200,2291.0,42.0,577.0,993.0,486.0,174.0,19.0,ala
06001450300,1535.0,0.0,114.0,115.0,722.0,519.0,65.0,ala
06001450400,1933.0,0.0,95.0,223.0,1013.0,579.0,23.0,ala
06001450501,1189.0,0.0,78.0,337.0,319.0,352.0,103.0,ala
06001450502,1413.0,0.0,0.0,75.0,473.0,643.0,222.0,ala
06001450601,1278.0,0.0,138.0,168.0,339.0,436.0,197.0,ala
06001450602,3323.0,48.0,365.0,866.0,782.0,790.0,472.0,ala
06001450603,1440.0,0.0,7.0,31.0,632.0,753.0,17.0,ala
06001450604,1606.0,0.0,134.0,120.0,346.0,884.0,122.0,ala
06001450605,1333.0,20.0,56.0,180.0,549.0,454.0,74.0,ala
06001450606,1847.0,19.0,10.0,198.0,449.0,940.0,231.0,ala
06001450607,2020.0,92.0,571.0,780.0,302.0,214.0,61.0,ala
06001450701,2459.0,0.0,55.0,206.0,386.0,1238.0,574.0,ala
06001450741,1699.0,19.0,192.0,386.0,682.0,337.0,83.0,ala
06001450742,1713.0,10.0,76.0,615.0,380.0,555.0,77.0,ala
06001450743,2287.0,0.0,641.0,946.0,525.0,158.0,17.0,ala
06001450744,1461.0,0.0,8.0,117.0,477.0,780.0,79.0,ala
06001450745,1685.0,12.0,88.0,328.0,677.0,489.0,91.0,ala
06001450746,1126.0,0.0,85.0,214.0,518.0,287.0,22.0,ala
06001450750,1313.0,0.0,290.0,713.0,310.0,0.0,0.0,ala
06001450751,501.0,13.0,0.0,9.0,173.0,159.0,147.0,ala
06001450752,1436.0,22.0,9.0,201.0,252.0,362.0,590.0,ala
06001451101,2408.0,19.0,166.0,266.0,928.0,827.0,202.0,ala
06001451102,1326.0,0.0,0.0,36.0,339.0,440.0,511.0,ala
06001451201,2629.0,0.0,191.0,707.0,963.0,720.0,48.0,ala
06001451202,1233.0,0.0,11.0,87.0,655.0,471.0,9.0,ala
06001451300,2385.0,0.0,153.0,355.0,821.0,916.0,140.0,ala
06001451401,2286.0,31.0,300.0,512.0,754.0,647.0,42.0,ala
06001451403,787.0,0.0,22.0,46.0,618.0,82.0,19.0,ala
06001451404,2177.0,84.0,154.0,856.0,854.0,206.0,23.0,ala
06001451501,1762.0,0.0,262.0,395.0,439.0,510.0,156.0,ala
06001451503,2125.0,23.0,159.0,297.0,1087.0,493.0,66.0,ala
06001451504,589.0,0.0,46.0,123.0,157.0,263.0,0.0,ala
06001451505,1143.0,0.0,0.0,14.0,442.0,664.0,23.0,ala
06001451506,1114.0,0.0,161.0,439.0,261.0,239.0,14.0,ala
06001451601,1769.0,23.0,133.0,512.0,522.0,476.0,103.0,ala
06001451602,2778.0,52.0,612.0,553.0,970.0,430.0,161.0,ala
06001451701,1049.0,0.0,0.0,13.0,749.0,227.0,60.0,ala
06001451703,1336.0,0.0,0.0,72.0,499.0,631.0,134.0,ala
06001451704,1653.0,0.0,152.0,105.0,769.0,501.0,126.0,ala
06001981900,38.0,19.0,9.0,0.0,10.0,0.0,0.0,ala
06001982000,20.0,0.0,0.0,0.0,20.0,0.0,0.0,ala
06001983200,211.0,0.0,54.0,72.0,66.0,9.0,10.0,ala
06001990000,0.0,0.0,0.0,0.0,0.0,0.0,0.0,ala
06013301000,1769.0,37.0,230.0,803.0,473.0,208.0,18.0,con
06013302005,2321.0,0.0,177.0,283.0,1156.0,687.0,18.0,con
06013302006,1365.0,0.0,0.0,0.0,642.0,632.0,91.0,con
06013302007,2080.0,35.0,71.0,368.0,792.0,749.0,65.0,con
06013302008,2132.0,0.0,79.0,361.0,549.0,786.0,357.0,con
06013302009,1585.0,9.0,88.0,29.0,628.0,474.0,357.0,con
06013302010,2938.0,11.0,0.0,138.0,1250.0,1046.0,493.0,con
06013303102,2011.0,0.0,99.0,279.0,703.0,534.0,396.0,con
06013303103,3331.0,55.0,175.0,632.0,1342.0,891.0,236.0,con
06013303201,3021.0,0.0,212.0,231.0,782.0,1118.0,678.0,con
06013303202,2130.0,0.0,0.0,82.0,539.0,916.0,593.0,con
06013303203,2587.0,0.0,51.0,481.0,448.0,1052.0,555.0,con
06013303204,1459.0,0.0,127.0,359.0,557.0,369.0,47.0,con
06013303205,3234.0,0.0,14.0,1471.0,828.0,617.0,304.0,con
06013304001,1031.0,0.0,33.0,51.0,208.0,519.0,220.0,con
06013304002,561.0,0.0,0.0,79.0,332.0,142.0,8.0,con
06013304003,1767.0,0.0,0.0,265.0,968.0,420.0,114.0,con
06013304004,1779.0,0.0,35.0,141.0,1270.0,274.0,59.0,con
06013304005,1859.0,6.0,31.0,121.0,626.0,795.0,280.0,con
06013305000,2443.0,103.0,471.0,1020.0,663.0,144.0,42.0,con
06013306002,1140.0,0.0,0.0,211.0,545.0,373.0,11.0,con
06013306003,1828.0,57.0,220.0,457.0,864.0,198.0,32.0,con
06013306004,1264.0,47.0,108.0,205.0,685.0,184.0,35.0,con
06013307101,1522.0,8.0,112.0,180.0,614.0,565.0,43.0,con
06013307102,1818.0,0.0,203.0,690.0,720.0,205.0,0.0,con
06013307201,1173.0,9.0,32.0,502.0,518.0,112.0,0.0,con
06013307202,1656.0,12.0,322.0,1050.0,179.0,93.0,0.0,con
06013307204,1351.0,0.0,49.0,10.0,792.0,468.0,32.0,con
06013307205,2742.0,0.0,590.0,863.0,884.0,362.0,43.0,con
06013308001,2573.0,0.0,57.0,51.0,1624.0,807.0,34.0,con
06013308002,1384.0,0.0,15.0,11.0,513.0,714.0,131.0,con
06013309000,1068.0,34.0,134.0,33.0,651.0,216.0,0.0,con
06013310000,1800.0,20.0,241.0,498.0,595.0,348.0,98.0,con
06013311000,1581.0,0.0,111.0,436.0,694.0,300.0,40.0,con
06013312000,815.0,0.0,49.0,235.0,460.0,62.0,9.0,con
06013313101,2992.0,11.0,565.0,944.0,1121.0,351.0,0.0,con
06013313102,1408.0,0.0,173.0,328.0,513.0,335.0,59.0,con
06013313103,2523.0,0.0,278.0,374.0,862.0,715.0,294.0,con
06013313203,985.0,9.0,17.0,60.0,535.0,290.0,74.0,con
06013313204,1887.0,12.0,192.0,477.0,657.0,460.0,89.0,con
06013313205,534.0,0.0,0.0,25.0,330.0,167.0,12.0,con
06013313206,1689.0,0.0,19.0,184.0,1168.0,318.0,0.0,con
06013314102,1746.0,21.0,90.0,248.0,883.0,504.0,0.0,con
06013314103,1798.0,107.0,151.0,508.0,787.0,222.0,23.0,con
06013314104,2652.0,18.0,218.0,1313.0,811.0,292.0,0.0,con
06013314200,1867.0,0.0,31.0,490.0,1044.0,293.0,9.0,con
06013315000,1263.0,0.0,42.0,156.0,736.0,312.0,17.0,con
06013316000,509.0,122.0,122.0,182.0,49.0,34.0,0.0,con
06013317000,1114.0,43.0,252.0,487.0,298.0,22.0,12.0,con
06013318000,1586.0,25.0,385.0,513.0,532.0,111.0,20.0,con
06013319000,3313.0,0.0,467.0,1145.0,1368.0,292.0,41.0,con
06013320001,1279.0,0.0,46.0,277.0,618.0,272.0,66.0,con
06013320003,1098.0,0.0,95.0,179.0,462.0,293.0,69.0,con
06013320004,2634.0,73.0,319.0,649.0,766.0,722.0,105.0,con
06013321101,2592.0,0.0,117.0,358.0,1453.0,602.0,62.0,con
06013321102,2844.0,8.0,32.0,652.0,1178.0,841.0,133.0,con
06013321103,1922.0,0.0,69.0,263.0,789.0,616.0,185.0,con
06013321200,2398.0,30.0,473.0,636.0,985.0,274.0,0.0,con
06013322000,2628.0,62.0,218.0,300.0,1290.0,666.0,92.0,con
06013323000,1770.0,0.0,41.0,225.0,1112.0,314.0,78.0,con
06013324001,2715.0,385.0,992.0,842.0,432.0,49.0,15.0,con
06013324002,2600.0,105.0,712.0,990.0,567.0,193.0,33.0,con
06013325000,2150.0,96.0,157.0,353.0,1058.0,392.0,94.0,con
06013326000,1370.0,11.0,70.0,100.0,618.0,500.0,71.0,con
06013327000,2985.0,11.0,351.0,1373.0,1077.0,152.0,21.0,con
06013328000,1383.0,189.0,724.0,356.0,114.0,0.0,0.0,con
06013329000,2400.0,0.0,211.0,494.0,1280.0,358.0,57.0,con
06013330000,2044.0,0.0,0.0,143.0,1446.0,388.0,67.0,con
06013331000,2769.0,0.0,383.0,917.0,1030.0,361.0,78.0,con
06013332000,2949.0,12.0,73.0,528.0,1715.0,524.0,97.0,con
06013333101,1546.0,0.0,47.0,287.0,919.0,238.0,55.0,con
06013333102,1617.0,0.0,185.0,337.0,531.0,502.0,62.0,con
06013333200,2273.0,0.0,252.0,238.0,914.0,786.0,83.0,con
06013334001,1526.0,0.0,283.0,230.0,452.0,535.0,26.0,con
06013334004,3416.0,92.0,392.0,1368.0,1001.0,546.0,17.0,con
06013334006,1789.0,0.0,0.0,87.0,739.0,905.0,58.0,con
06013334200,2807.0,27.0,351.0,312.0,1002.0,870.0,245.0,con
06013335000,1322.0,0.0,8.0,347.0,758.0,193.0,16.0,con
06013336101,1688.0,66.0,619.0,518.0,417.0,42.0,26.0,con
06013336102,2799.0,29.0,1088.0,1446.0,203.0,33.0,0.0,con
06013336201,1149.0,29.0,48.0,308.0,612.0,106.0,46.0,con
06013336202,1793.0,37.0,672.0,838.0,211.0,13.0,22.0,con
06013337100,1196.0,0.0,49.0,242.0,361.0,360.0,184.0,con
06013337200,3227.0,14.0,542.0,1222.0,842.0,598.0,9.0,con
06013337300,2379.0,11.0,81.0,245.0,863.0,993.0,186.0,con
06013338101,1853.0,128.0,223.0,840.0,509.0,120.0,33.0,con
06013338102,1403.0,0.0,18.0,77.0,788.0,485.0,35.0,con
06013338201,1438.0,0.0,31.0,206.0,416.0,672.0,113.0,con
06013338203,2720.0,0.0,1075.0,1152.0,307.0,114.0,72.0,con
06013338204,2897.0,0.0,591.0,1268.0,720.0,255.0,63.0,con
06013338301,1052.0,40.0,0.0,0.0,157.0,703.0,152.0,con
06013338302,2174.0,0.0,15.0,166.0,647.0,1034.0,312.0,con
06013339001,2055.0,155.0,931.0,938.0,31.0,0.0,0.0,con
06013339002,3250.0,194.0,1042.0,1557.0,427.0,30.0,0.0,con
06013340001,2624.0,11.0,350.0,947.0,906.0,410.0,0.0,con
06013340002,3096.0,49.0,119.0,799.0,1388.0,595.0,146.0,con
06013341000,2115.0,0.0,276.0,676.0,662.0,352.0,149.0,con
06013343001,2163.0,57.0,450.0,700.0,320.0,512.0,124.0,con
06013343002,2100.0,86.0,234.0,377.0,729.0,456.0,218.0,con
06013343003,1466.0,0.0,123.0,108.0,519.0,580.0,136.0,con
06013345101,2158.0,0.0,146.0,331.0,739.0,800.0,142.0,con
06013345102,1377.0,0.0,0.0,23.0,597.0,679.0,78.0,con
06013345103,2016.0,63.0,219.0,163.0,503.0,861.0,207.0,con
06013345105,2171.0,0.0,9.0,341.0,639.0,895.0,287.0,con
06013345108,3473.0,101.0,283.0,1433.0,832.0,746.0,78.0,con
06013345111,2043.0,0.0,461.0,489.0,332.0,582.0,179.0,con
06013345112,2218.0,0.0,597.0,375.0,485.0,549.0,212.0,con
06013345113,1504.0,0.0,0.0,101.0,443.0,818.0,142.0,con
06013345114,2556.0,20.0,0.0,404.0,796.0,1175.0,161.0,con
06013345115,1866.0,0.0,0.0,192.0,289.0,929.0,456.0,con
06013345116,981.0,0.0,0.0,28.0,308.0,632.0,13.0,con
06013345202,3408.0,0.0,481.0,954.0,1196.0,645.0,132.0,con
06013345203,2656.0,9.0,169.0,426.0,932.0,978.0,142.0,con
06013345204,1326.0,0.0,0.0,13.0,473.0,492.0,348.0,con
06013346101,1332.0,0.0,0.0,26.0,512.0,575.0,219.0,con
06013346102,2048.0,0.0,31.0,76.0,521.0,949.0,471.0,con
06013346201,2599.0,18.0,86.0,78.0,929.0,1147.0,341.0,con
06013346203,1452.0,0.0,0.0,104.0,534.0,686.0,128.0,con
06013346204,2492.0,0.0,0.0,94.0,816.0,1068.0,514.0,con
06013347000,2306.0,20.0,66.0,131.0,772.0,1041.0,276.0,con
06013348000,1680.0,24.0,0.0,137.0,589.0,720.0,210.0,con
06013349000,1977.0,11.0,109.0,612.0,813.0,377.0,55.0,con
06013350000,2408.0,0.0,487.0,797.0,540.0,450.0,134.0,con
06013351101,2181.0,0.0,191.0,1802.0,188.0,0.0,0.0,con
06013351102,3087.0,0.0,253.0,2672.0,103.0,46.0,13.0,con
06013351103,1444.0,0.0,146.0,1115.0,168.0,0.0,15.0,con
06013351200,2026.0,0.0,0.0,31.0,898.0,851.0,246.0,con
06013352101,811.0,0.0,0.0,131.0,139.0,358.0,183.0,con
06013352102,1791.0,0.0,0.0,201.0,550.0,830.0,210.0,con
06013352201,2290.0,8.0,214.0,520.0,655.0,693.0,200.0,con
06013352202,1005.0,0.0,33.0,380.0,403.0,173.0,16.0,con
06013353001,1339.0,0.0,37.0,130.0,464.0,535.0,173.0,con
06013353002,1505.0,0.0,20.0,69.0,564.0,678.0,174.0,con
06013354001,674.0,11.0,0.0,142.0,327.0,183.0,11.0,con
06013354002,2566.0,0.0,126.0,245.0,817.0,986.0,392.0,con
06013355107,1497.0,0.0,0.0,89.0,341.0,752.0,315.0,con
06013355108,3871.0,102.0,53.0,61.0,794.0,1679.0,1182.0,con
06013355109,2153.0,0.0,59.0,56.0,684.0,938.0,416.0,con
06013355110,1255.0,13.0,0.0,19.0,556.0,469.0,198.0,con
06013355111,2029.0,0.0,21.0,274.0,619.0,793.0,322.0,con
06013355112,2124.0,36.0,0.0,95.0,779.0,901.0,313.0,con
06013355113,1831.0,0.0,0.0,14.0,269.0,1213.0,335.0,con
06013355114,3458.0,83.0,160.0,246.0,943.0,1258.0,768.0,con
06013355115,1208.0,86.0,278.0,256.0,356.0,200.0,32.0,con
06013355116,1024.0,0.0,0.0,0.0,191.0,518.0,315.0,con
06013355117,1872.0,14.0,126.0,76.0,365.0,754.0,537.0,con
06013355200,2184.0,11.0,102.0,437.0,440.0,593.0,601.0,con
06013355301,2912.0,0.0,0.0,420.0,1048.0,949.0,495.0,con
06013355302,1222.0,0.0,9.0,28.0,181.0,648.0,356.0,con
06013355304,2985.0,0.0,221.0,477.0,1247.0,812.0,228.0,con
06013355306,1767.0,0.0,15.0,162.0,609.0,749.0,232.0,con
06013356001,1244.0,0.0,48.0,104.0,532.0,466.0,94.0,con
06013356002,2045.0,0.0,208.0,318.0,476.0,833.0,210.0,con
06013357000,1658.0,100.0,339.0,469.0,469.0,221.0,60.0,con
06013358000,2092.0,8.0,155.0,1039.0,601.0,189.0,100.0,con
06013359102,1933.0,0.0,194.0,412.0,953.0,342.0,32.0,con
06013359103,2051.0,35.0,114.0,538.0,971.0,381.0,12.0,con
06013359104,985.0,0.0,0.0,653.0,332.0,0.0,0.0,con
06013359105,1497.0,0.0,35.0,235.0,563.0,638.0,26.0,con
06013359202,2223.0,53.0,0.0,274.0,981.0,797.0,118.0,con
06013359203,2373.0,0.0,72.0,410.0,997.0,894.0,0.0,con
06013359204,1483.0,7.0,42.0,46.0,622.0,575.0,191.0,con
06013360101,1794.0,32.0,47.0,144.0,867.0,646.0,58.0,con
06013360102,1579.0,18.0,0.0,96.0,387.0,1000.0,78.0,con
06013360200,1945.0,50.0,171.0,510.0,930.0,244.0,40.0,con
06013361000,1857.0,0.0,239.0,540.0,722.0,325.0,31.0,con
06013362000,1192.0,7.0,78.0,388.0,507.0,144.0,68.0,con
06013363000,2828.0,0.0,67.0,1076.0,1382.0,176.0,127.0,con
06013364002,1921.0,0.0,210.0,144.0,1236.0,309.0,22.0,con
06013365002,1681.0,0.0,193.0,633.0,555.0,260.0,40.0,con
06013365003,2479.0,21.0,1265.0,637.0,320.0,236.0,0.0,con
06013366001,1309.0,11.0,99.0,374.0,602.0,194.0,29.0,con
06013366002,1721.0,10.0,151.0,596.0,826.0,87.0,51.0,con
06013367100,2162.0,171.0,754.0,237.0,789.0,200.0,11.0,con
06013367200,1650.0,9.0,168.0,389.0,860.0,185.0,39.0,con
06013368001,1439.0,17.0,59.0,687.0,565.0,95.0,16.0,con
06013368002,991.0,27.0,147.0,444.0,261.0,112.0,0.0,con
06013369001,2605.0,102.0,803.0,1162.0,450.0,88.0,0.0,con
06013369002,1113.0,22.0,75.0,545.0,349.0,38.0,84.0,con
06013370000,1227.0,0.0,19.0,300.0,652.0,227.0,29.0,con
06013371000,2120.0,13.0,203.0,1025.0,683.0,150.0,46.0,con
06013372000,2512.0,32.0,162.0,1087.0,1027.0,204.0,0.0,con
06013373000,1267.0,0.0,125.0,569.0,526.0,10.0,37.0,con
06013374000,1952.0,33.0,348.0,927.0,573.0,45.0,26.0,con
06013375000,1335.0,22.0,223.0,588.0,403.0,99.0,0.0,con
06013376000,2211.0,79.0,293.0,872.0,673.0,249.0,45.0,con
06013377000,2505.0,68.0,559.0,1183.0,507.0,188.0,0.0,con
06013378000,1913.0,120.0,252.0,605.0,712.0,171.0,53.0,con
06013379000,2128.0,0.0,194.0,1215.0,591.0,128.0,0.0,con
06013380000,2900.0,0.0,864.0,1229.0,598.0,122.0,87.0,con
06013381000,2191.0,46.0,153.0,1048.0,675.0,269.0,0.0,con
06013382000,2817.0,70.0,359.0,1051.0,842.0,439.0,56.0,con
06013383000,2171.0,111.0,188.0,1274.0,491.0,107.0,0.0,con
06013384000,1659.0,0.0,14.0,358.0,741.0,467.0,79.0,con
06013385100,1150.0,10.0,70.0,114.0,473.0,342.0,141.0,con
06013385200,574.0,8.0,23.0,82.0,358.0,103.0,0.0,con
06013386000,1482.0,23.0,389.0,711.0,291.0,56.0,12.0,con
06013387000,1134.0,0.0,169.0,480.0,409.0,54.0,22.0,con
06013388000,1131.0,65.0,110.0,540.0,313.0,90.0,13.0,con
06013389100,910.0,15.0,154.0,432.0,244.0,54.0,11.0,con
06013389200,815.0,12.0,155.0,541.0,82.0,18.0,7.0,con
06013390100,938.0,11.0,92.0,232.0,278.0,215.0,110.0,con
06013390200,768.0,0.0,16.0,351.0,317.0,84.0,0.0,con
06013391000,1138.0,18.0,37.0,271.0,412.0,317.0,83.0,con
06013392000,1134.0,0.0,34.0,303.0,514.0,270.0,13.0,con
06013392200,3339.0,22.0,180.0,848.0,1293.0,804.0,192.0,con
06013392300,906.0,0.0,71.0,142.0,59.0,282.0,352.0,con
06013990000,0.0,0.0,0.0,0.0,0.0,0.0,0.0,con
06041101100,1053.0,25.0,18.0,155.0,337.0,360.0,158.0,mar
06041101200,1027.0,0.0,23.0,203.0,523.0,251.0,27.0,mar
06041102100,938.0,0.0,9.0,103.0,251.0,471.0,104.0,mar
06041102202,2215.0,9.0,72.0,430.0,887.0,750.0,67.0,mar
06041102203,1978.0,82.0,302.0,667.0,679.0,224.0,24.0,mar
06041103100,2716.0,0.0,117.0,66.0,1244.0,1062.0,227.0,mar
06041103200,2535.0,100.0,291.0,578.0,959.0,541.0,66.0,mar
06041104101,3118.0,53.0,191.0,452.0,1295.0,849.0,278.0,mar
06041104102,2129.0,14.0,254.0,815.0,813.0,224.0,9.0,mar
06041104200,2432.0,32.0,199.0,780.0,887.0,405.0,129.0,mar
06041104300,678.0,0.0,0.0,75.0,350.0,247.0,6.0,mar
06041105000,2711.0,24.0,108.0,1049.0,985.0,447.0,98.0,mar
06041106001,2289.0,31.0,620.0,1215.0,376.0,47.0,0.0,mar
06041106002,2211.0,0.0,197.0,487.0,837.0,650.0,40.0,mar
06041107000,2506.0,0.0,88.0,212.0,845.0,1195.0,166.0,mar
06041108100,2756.0,0.0,126.0,353.0,1089.0,890.0,298.0,mar
06041108200,3147.0,48.0,792.0,800.0,864.0,494.0,149.0,mar
06041109001,1827.0,40.0,563.0,388.0,547.0,289.0,0.0,mar
06041109002,1924.0,30.0,438.0,432.0,603.0,356.0,65.0,mar
06041110100,2555.0,48.0,551.0,871.0,663.0,287.0,135.0,mar
06041110200,2371.0,0.0,14.0,228.0,959.0,988.0,182.0,mar
06041111000,3029.0,318.0,914.0,817.0,709.0,252.0,19.0,mar
06041112100,2023.0,181.0,301.0,577.0,697.0,232.0,35.0,mar
06041112201,1932.0,189.0,414.0,981.0,328.0,20.0,0.0,mar
06041112202,1390.0,0.0,245.0,532.0,532.0,81.0,0.0,mar
06041113000,1554.0,0.0,247.0,536.0,538.0,200.0,33.0,mar
06041114100,2300.0,43.0,289.0,833.0,858.0,212.0,65.0,mar
06041114200,1361.0,31.0,191.0,433.0,441.0,250.0,15.0,mar
06041115000,2861.0,0.0,191.0,575.0,1268.0,696.0,131.0,mar
06041116000,1334.0,57.0,185.0,442.0,475.0,144.0,31.0,mar
06041117000,2158.0,55.0,402.0,757.0,576.0,279.0,89.0,mar
06041118100,845.0,27.0,33.0,82.0,316.0,228.0,159.0,mar
06041119100,1979.0,28.0,210.0,446.0,650.0,471.0,174.0,mar
06041119201,1956.0,45.0,611.0,901.0,358.0,13.0,28.0,mar
06041119202,1296.0,0.0,16.0,39.0,766.0,365.0,110.0,mar
06041120000,2921.0,38.0,688.0,738.0,854.0,552.0,51.0,mar
06041121100,2447.0,0.0,205.0,941.0,1030.0,271.0,0.0,mar
06041121200,2666.0,58.0,461.0,635.0,1009.0,458.0,45.0,mar
06041122000,0.0,0.0,0.0,0.0,0.0,0.0,0.0,mar
06041123000,1076.0,7.0,50.0,230.0,346.0,332.0,111.0,mar
06041124100,2298.0,110.0,278.0,358.0,742.0,475.0,335.0,mar
06041124200,2580.0,41.0,233.0,692.0,869.0,496.0,249.0,mar
06041125000,2126.0,117.0,490.0,691.0,479.0,286.0,63.0,mar
06041126100,2574.0,0.0,213.0,747.0,876.0,448.0,290.0,mar
06041126200,2260.0,13.0,645.0,668.0,557.0,273.0,104.0,mar
06041127000,2138.0,122.0,332.0,466.0,737.0,362.0,119.0,mar
06041128100,2787.0,0.0,207.0,679.0,1161.0,618.0,122.0,mar
06041128200,2077.0,43.0,160.0,442.0,914.0,380.0,138.0,mar
06041129000,1224.0,38.0,163.0,627.0,272.0,108.0,16.0,mar
06041130201,2163.0,78.0,627.0,763.0,454.0,206.0,35.0,mar
06041130202,2825.0,119.0,740.0,1272.0,628.0,66.0,0.0,mar
06041131100,516.0,73.0,69.0,152.0,184.0,38.0,0.0,mar
06041132100,1604.0,47.0,268.0,657.0,469.0,144.0,19.0,mar
06041132200,1298.0,111.0,118.0,475.0,351.0,234.0,9.0,mar
06041133000,1816.0,95.0,169.0,552.0,801.0,182.0,17.0,mar
06041990100,0.0,0.0,0.0,0.0,0.0,0.0,0.0,mar
06055200201,1370.0,21.0,180.0,573.0,422.0,163.0,11.0,nap
06055200202,1182.0,68.0,319.0,497.0,154.0,50.0,94.0,nap
06055200203,921.0,35.0,90.0,380.0,342.0,65.0,9.0,nap
06055200301,1794.0,32.0,274.0,601.0,658.0,229.0,0.0,nap
06055200302,907.0,12.0,47.0,143.0,409.0,276.0,20.0,nap
06055200400,1678.0,91.0,167.0,578.0,602.0,220.0,20.0,nap
06055200501,1872.0,9.0,295.0,798.0,675.0,81.0,14.0,nap
06055200503,778.0,10.0,264.0,289.0,215.0,0.0,0.0,nap
06055200504,2356.0,82.0,341.0,834.0,926.0,142.0,31.0,nap
06055200505,1070.0,0.0,213.0,529.0,209.0,111.0,8.0,nap
06055200601,1654.0,0.0,8.0,334.0,880.0,408.0,24.0,nap
06055200602,2034.0,104.0,298.0,285.0,847.0,475.0,25.0,nap
06055200703,1202.0,0.0,0.0,42.0,547.0,495.0,118.0,nap
06055200704,1676.0,138.0,256.0,178.0,988.0,113.0,3.0,nap
06055200705,1022.0,0.0,144.0,445.0,248.0,173.0,12.0,nap
06055200706,1171.0,38.0,0.0,77.0,583.0,445.0,28.0,nap
06055200707,1431.0,53.0,384.0,182.0,422.0,390.0,0.0,nap
06055200802,2414.0,50.0,439.0,992.0,598.0,282.0,53.0,nap
06055200803,890.0,0.0,140.0,249.0,254.0,217.0,30.0,nap
06055200804,1746.0,18.0,312.0,761.0,655.0,0.0,0.0,nap
06055200900,15.0,0.0,9.0,0.0,0.0,6.0,0.0,nap
06055201003,1147.0,18.0,195.0,229.0,223.0,302.0,180.0,nap
06055201004,2017.0,0.0,22.0,540.0,562.0,418.0,475.0,nap
06055201005,736.0,35.0,17.0,35.0,365.0,187.0,97.0,nap
06055201006,916.0,5.0,0.0,9.0,533.0,243.0,126.0,nap
06055201007,1148.0,16.0,0.0,40.0,400.0,529.0,163.0,nap
06055201101,777.0,0.0,0.0,58.0,440.0,229.0,50.0,nap
06055201102,956.0,52.0,130.0,308.0,296.0,121.0,49.0,nap
06055201200,2239.0,55.0,60.0,983.0,755.0,328.0,58.0,nap
06055201300,1421.0,5.0,164.0,668.0,425.0,159.0,0.0,nap
06055201401,1987.0,50.0,52.0,522.0,788.0,525.0,50.0,nap
06055201402,1233.0,37.0,79.0,215.0,631.0,177.0,94.0,nap
06055201403,458.0,0.0,23.0,182.0,97.0,141.0,15.0,nap
06055201500,1103.0,18.0,101.0,329.0,441.0,172.0,42.0,nap
06055201601,1051.0,125.0,166.0,354.0,244.0,117.0,45.0,nap
06055201602,1784.0,91.0,184.0,683.0,678.0,127.0,21.0,nap
06055201700,2119.0,20.0,330.0,604.0,831.0,221.0,113.0,nap
06055201800,1011.0,65.0,34.0,336.0,449.0,113.0,14.0,nap
06055201900,775.0,72.0,193.0,223.0,209.0,60.0,18.0,nap
06055202000,2245.0,0.0,418.0,980.0,741.0,88.0,18.0,nap
06075010100,2252.0,534.0,1135.0,456.0,101.0,26.0,0.0,sfr
06075010200,3100.0,376.0,1392.0,965.0,264.0,63.0,40.0,sfr
06075010300,2286.0,106.0,873.0,868.0,269.0,88.0,82.0,sfr
06075010400,2961.0,138.0,1360.0,1060.0,378.0,25.0,0.0,sfr
06075010500,1885.0,267.0,753.0,686.0,172.0,7.0,0.0,sfr
06075010600,2198.0,697.0,762.0,553.0,106.0,52.0,28.0,sfr
06075010700,3040.0,1484.0,717.0,542.0,125.0,64.0,108.0,sfr
06075010800,2801.0,264.0,1126.0,835.0,402.0,90.0,84.0,sfr
06075010900,2907.0,495.0,1229.0,776.0,356.0,42.0,9.0,sfr
06075011000,2725.0,498.0,1142.0,781.0,146.0,125.0,33.0,sfr
06075011100,3095.0,1013.0,1422.0,443.0,144.0,36.0,37.0,sfr
06075011200,2424.0,296.0,912.0,838.0,229.0,101.0,48.0,sfr
06075011300,1683.0,500.0,737.0,280.0,109.0,49.0,8.0,sfr
06075011700,1334.0,883.0,219.0,132.0,49.0,0.0,51.0,sfr
06075011800,772.0,285.0,213.0,141.0,75.0,12.0,46.0,sfr
06075011901,1858.0,739.0,851.0,185.0,0.0,64.0,19.0,sfr
06075011902,2048.0,884.0,834.0,269.0,60.0,1.0,0.0,sfr
06075012000,2828.0,1743.0,863.0,136.0,29.0,0.0,57.0,sfr
06075012100,2441.0,1653.0,615.0,112.0,37.0,0.0,24.0,sfr
06075012201,2776.0,1589.0,982.0,125.0,0.0,20.0,60.0,sfr
06075012202,1605.0,995.0,513.0,70.0,0.0,11.0,16.0,sfr
06075012301,1939.0,1579.0,301.0,29.0,8.0,0.0,22.0,sfr
06075012302,2573.0,1891.0,567.0,94.0,0.0,13.0,8.0,sfr
06075012401,2708.0,2006.0,527.0,48.0,51.0,37.0,39.0,sfr
06075012402,2266.0,1252.0,808.0,108.0,27.0,12.0,59.0,sfr
06075012501,2436.0,1695.0,554.0,110.0,52.0,0.0,25.0,sfr
06075012502,2533.0,1826.0,549.0,86.0,0.0,0.0,72.0,sfr
06075012601,1648.0,240.0,829.0,304.0,199.0,76.0,0.0,sfr
06075012602,1824.0,276.0,849.0,304.0,169.0,192.0,34.0,sfr
06075012700,2232.0,437.0,832.0,548.0,322.0,80.0,13.0,sfr
06075012800,2622.0,415.0,771.0,752.0,461.0,186.0,37.0,sfr
06075012901,1723.0,271.0,840.0,431.0,181.0,0.0,0.0,sfr
06075012902,2220.0,242.0,1079.0,612.0,183.0,60.0,44.0,sfr
06075013000,2711.0,351.0,1125.0,658.0,402.0,133.0,42.0,sfr
06075013101,2597.0,207.0,1415.0,718.0,228.0,10.0,19.0,sfr
06075013102,1814.0,201.0,705.0,587.0,176.0,134.0,11.0,sfr
06075013200,2669.0,253.0,635.0,813.0,364.0,445.0,159.0,sfr
06075013300,1996.0,51.0,387.0,481.0,427.0,375.0,275.0,sfr
06075013400,2200.0,243.0,916.0,479.0,376.0,112.0,74.0,sfr
06075013500,1905.0,430.0,758.0,379.0,133.0,115.0,90.0,sfr
06075015100,1798.0,295.0,954.0,408.0,91.0,28.0,22.0,sfr
06075015200,2581.0,625.0,1064.0,537.0,188.0,119.0,48.0,sfr
06075015300,1046.0,304.0,142.0,233.0,135.0,161.0,71.0,sfr
06075015400,3136.0,208.0,1014.0,1053.0,467.0,268.0,126.0,sfr
06075015500,2444.0,457.0,1272.0,413.0,203.0,76.0,23.0,sfr
06075015600,1327.0,165.0,209.0,587.0,294.0,41.0,31.0,sfr
06075015700,2733.0,89.0,841.0,1137.0,527.0,94.0,45.0,sfr
06075015801,1849.0,170.0,749.0,636.0,169.0,102.0,23.0,sfr
06075015802,1624.0,215.0,732.0,419.0,82.0,73.0,103.0,sfr
06075015900,2319.0,469.0,798.0,646.0,385.0,21.0,0.0,sfr
06075016000,1690.0,395.0,902.0,317.0,61.0,7.0,8.0,sfr
06075016100,2929.0,527.0,1355.0,612.0,361.0,74.0,0.0,sfr
06075016200,1580.0,458.0,666.0,240.0,139.0,0.0,77.0,sfr
06075016300,2165.0,211.0,772.0,543.0,394.0,216.0,29.0,sfr
06075016400,1978.0,287.0,785.0,493.0,237.0,114.0,62.0,sfr
06075016500,2583.0,161.0,1082.0,839.0,409.0,74.0,18.0,sfr
06075016600,2745.0,195.0,986.0,1014.0,446.0,58.0,46.0,sfr
06075016700,2579.0,259.0,923.0,814.0,363.0,161.0,59.0,sfr
06075016801,1723.0,165.0,749.0,496.0,202.0,91.0,20.0,sfr
06075016802,1912.0,471.0,670.0,612.0,108.0,46.0,5.0,sfr
06075016900,1797.0,129.0,784.0,648.0,128.0,108.0,0.0,sfr
06075017000,2409.0,119.0,940.0,676.0,448.0,183.0,43.0,sfr
06075017101,1936.0,109.0,875.0,422.0,333.0,157.0,40.0,sfr
06075017102,1849.0,81.0,537.0,551.0,483.0,146.0,51.0,sfr
06075017601,3909.0,1992.0,898.0,681.0,201.0,75.0,62.0,sfr
06075017700,832.0,67.0,347.0,285.0,75.0,58.0,0.0,sfr
06075017801,2333.0,615.0,1555.0,150.0,0.0,0.0,13.0,sfr
06075017802,1936.0,388.0,680.0,457.0,231.0,164.0,16.0,sfr
06075017902,955.0,0.0,59.0,272.0,388.0,236.0,0.0,sfr
06075018000,1240.0,191.0,533.0,429.0,78.0,0.0,9.0,sfr
06075020100,3003.0,987.0,1068.0,572.0,241.0,89.0,46.0,sfr
06075020200,3298.0,523.0,1231.0,898.0,437.0,152.0,57.0,sfr
06075020300,1818.0,178.0,756.0,528.0,324.0,32.0,0.0,sfr
06075020401,1840.0,39.0,673.0,782.0,263.0,27.0,56.0,sfr
06075020402,2579.0,86.0,1018.0,1147.0,270.0,58.0,0.0,sfr
06075020500,1434.0,148.0,442.0,576.0,224.0,44.0,0.0,sfr
06075020600,2851.0,91.0,1042.0,868.0,606.0,186.0,58.0,sfr
06075020700,2930.0,370.0,970.0,900.0,387.0,252.0,51.0,sfr
06075020800,2721.0,604.0,822.0,600.0,541.0,98.0,56.0,sfr
06075020900,1958.0,429.0,545.0,552.0,236.0,141.0,55.0,sfr
06075021000,2193.0,178.0,689.0,774.0,387.0,94.0,71.0,sfr
06075021100,2125.0,106.0,643.0,656.0,562.0,100.0,58.0,sfr
06075021200,1514.0,76.0,258.0,418.0,589.0,136.0,37.0,sfr
06075021300,1303.0,73.0,252.0,433.0,489.0,56.0,0.0,sfr
06075021400,1821.0,37.0,732.0,635.0,312.0,105.0,0.0,sfr
06075021500,2729.0,120.0,979.0,1081.0,380.0,100.0,69.0,sfr
06075021600,2365.0,138.0,635.0,807.0,576.0,209.0,0.0,sfr
06075021700,2060.0,81.0,588.0,406.0,653.0,269.0,63.0,sfr
06075021800,1956.0,49.0,345.0,790.0,489.0,206.0,77.0,sfr
06075022600,748.0,91.0,263.0,218.0,73.0,52.0,51.0,sfr
06075022702,1074.0,114.0,213.0,376.0,283.0,88.0,0.0,sfr
06075022704,1604.0,64.0,393.0,634.0,454.0,46.0,13.0,sfr
06075022801,1700.0,83.0,390.0,708.0,446.0,30.0,43.0,sfr
06075022802,669.0,24.0,141.0,227.0,229.0,35.0,13.0,sfr
06075022803,1660.0,111.0,409.0,635.0,310.0,151.0,44.0,sfr
06075022901,1533.0,136.0,325.0,578.0,375.0,97.0,22.0,sfr
06075022902,900.0,23.0,108.0,417.0,254.0,50.0,48.0,sfr
06075022903,1169.0,112.0,180.0,506.0,293.0,68.0,10.0,sfr
06075023001,1449.0,40.0,81.0,624.0,479.0,208.0,17.0,sfr
06075023003,1227.0,0.0,64.0,439.0,580.0,135.0,9.0,sfr
06075023102,1338.0,95.0,255.0,336.0,464.0,188.0,0.0,sfr
06075023103,1459.0,39.0,157.0,625.0,387.0,237.0,14.0,sfr
06075023200,1410.0,35.0,118.0,498.0,512.0,175.0,72.0,sfr
06075023300,726.0,38.0,20.0,220.0,289.0,119.0,40.0,sfr
06075023400,1092.0,118.0,156.0,324.0,321.0,116.0,57.0,sfr
06075025100,1364.0,6.0,193.0,434.0,478.0,208.0,45.0,sfr
06075025200,2257.0,0.0,283.0,972.0,730.0,255.0,17.0,sfr
06075025300,1936.0,143.0,442.0,752.0,405.0,194.0,0.0,sfr
06075025401,1377.0,0.0,235.0,619.0,433.0,90.0,0.0,sfr
06075025402,1128.0,13.0,80.0,573.0,351.0,111.0,0.0,sfr
06075025403,1567.0,49.0,255.0,647.0,433.0,88.0,95.0,sfr
06075025500,2388.0,61.0,254.0,1154.0,597.0,160.0,162.0,sfr
06075025600,1560.0,0.0,36.0,715.0,515.0,182.0,112.0,sfr
06075025701,1407.0,18.0,63.0,665.0,439.0,206.0,16.0,sfr
06075025702,1283.0,0.0,250.0,430.0,515.0,50.0,38.0,sfr
06075025800,638.0,39.0,178.0,134.0,237.0,19.0,31.0,sfr
06075025900,1383.0,0.0,47.0,339.0,528.0,375.0,94.0,sfr
06075026001,1593.0,13.0,231.0,570.0,420.0,243.0,116.0,sfr
06075026002,1028.0,23.0,93.0,427.0,337.0,148.0,0.0,sfr
06075026003,1368.0,10.0,81.0,654.0,342.0,236.0,45.0,sfr
06075026004,1211.0,21.0,114.0,582.0,256.0,116.0,122.0,sfr
06075026100,1796.0,120.0,184.0,647.0,552.0,226.0,67.0,sfr
06075026200,1984.0,58.0,376.0,773.0,418.0,205.0,154.0,sfr
06075026301,1206.0,63.0,141.0,449.0,340.0,172.0,41.0,sfr
06075026302,1453.0,32.0,182.0,589.0,485.0,71.0,94.0,sfr
06075026303,1286.0,0.0,63.0,447.0,469.0,219.0,88.0,sfr
06075026401,1040.0,0.0,61.0,354.0,377.0,220.0,28.0,sfr
06075026402,1105.0,0.0,91.0,332.0,449.0,218.0,15.0,sfr
06075026403,1132.0,49.0,47.0,410.0,387.0,169.0,70.0,sfr
06075026404,701.0,24.0,12.0,273.0,196.0,179.0,17.0,sfr
06075030101,2152.0,129.0,794.0,574.0,480.0,94.0,81.0,sfr
06075030102,2499.0,132.0,726.0,875.0,495.0,271.0,0.0,sfr
06075030201,1881.0,87.0,694.0,632.0,294.0,148.0,26.0,sfr
06075030202,2206.0,106.0,726.0,908.0,320.0,105.0,41.0,sfr
06075030301,2555.0,51.0,349.0,832.0,928.0,364.0,31.0,sfr
06075030302,1409.0,0.0,12.0,527.0,562.0,258.0,50.0,sfr
06075030400,2036.0,13.0,50.0,640.0,674.0,502.0,157.0,sfr
06075030500,1069.0,63.0,65.0,299.0,456.0,143.0,43.0,sfr
06075030600,899.0,0.0,30.0,336.0,397.0,136.0,0.0,sfr
06075030700,2795.0,0.0,19.0,990.0,1303.0,388.0,95.0,sfr
06075030800,2245.0,22.0,125.0,491.0,1020.0,374.0,213.0,sfr
06075030900,2469.0,24.0,31.0,349.0,1204.0,603.0,258.0,sfr
06075031000,1343.0,55.0,70.0,427.0,517.0,202.0,72.0,sfr
06075031100,2622.0,13.0,310.0,939.0,1040.0,230.0,90.0,sfr
06075031201,1758.0,53.0,252.0,821.0,391.0,212.0,29.0,sfr
06075031202,877.0,0.0,28.0,374.0,287.0,166.0,22.0,sfr
06075031301,1288.0,0.0,31.0,531.0,489.0,140.0,97.0,sfr
06075031302,1946.0,20.0,419.0,862.0,521.0,99.0,25.0,sfr
06075031400,1931.0,61.0,312.0,632.0,513.0,220.0,193.0,sfr
06075032601,1823.0,73.0,646.0,491.0,393.0,157.0,63.0,sfr
06075032602,1745.0,66.0,193.0,825.0,430.0,207.0,24.0,sfr
06075032700,2431.0,99.0,253.0,1198.0,560.0,299.0,22.0,sfr
06075032801,1542.0,0.0,197.0,629.0,500.0,178.0,38.0,sfr
06075032802,1511.0,0.0,150.0,724.0,479.0,91.0,67.0,sfr
06075032901,1789.0,0.0,69.0,680.0,844.0,131.0,65.0,sfr
06075032902,1326.0,0.0,65.0,695.0,400.0,120.0,46.0,sfr
06075033000,2746.0,19.0,319.0,1115.0,877.0,289.0,127.0,sfr
06075033100,1509.0,0.0,9.0,376.0,685.0,281.0,158.0,sfr
06075033201,883.0,0.0,306.0,411.0,131.0,26.0,9.0,sfr
06075033203,1609.0,0.0,546.0,975.0,77.0,11.0,0.0,sfr
06075033204,1749.0,0.0,607.0,1070.0,72.0,0.0,0.0,sfr
06075035100,2813.0,17.0,370.0,1309.0,823.0,235.0,59.0,sfr
06075035201,1991.0,48.0,280.0,987.0,470.0,176.0,30.0,sfr
06075035202,1862.0,70.0,477.0,751.0,444.0,101.0,19.0,sfr
06075035300,2486.0,54.0,155.0,684.0,1285.0,236.0,72.0,sfr
06075035400,2362.0,100.0,331.0,1147.0,577.0,177.0,30.0,sfr
06075040100,2133.0,139.0,780.0,806.0,240.0,132.0,36.0,sfr
06075040200,2524.0,129.0,706.0,829.0,604.0,132.0,124.0,sfr
06075042601,1863.0,101.0,481.0,917.0,283.0,67.0,14.0,sfr
06075042602,1570.0,12.0,578.0,428.0,464.0,60.0,28.0,sfr
06075042700,2541.0,252.0,635.0,926.0,570.0,43.0,115.0,sfr
06075042800,1032.0,9.0,10.0,232.0,341.0,204.0,236.0,sfr
06075045100,2232.0,78.0,532.0,900.0,451.0,198.0,73.0,sfr
06075045200,2983.0,142.0,713.0,1220.0,539.0,296.0,73.0,sfr
06075047600,2398.0,12.0,492.0,1144.0,651.0,61.0,38.0,sfr
06075047701,2071.0,117.0,589.0,805.0,376.0,167.0,17.0,sfr
06075047702,1636.0,71.0,301.0,580.0,453.0,131.0,100.0,sfr
06075047801,1778.0,19.0,237.0,937.0,449.0,109.0,27.0,sfr
06075047802,1679.0,123.0,286.0,632.0,497.0,89.0,52.0,sfr
06075047901,2776.0,152.0,435.0,1093.0,880.0,95.0,121.0,sfr
06075047902,1615.0,96.0,352.0,560.0,347.0,147.0,113.0,sfr
06075060100,1234.0,36.0,29.0,397.0,327.0,221.0,224.0,sfr
06075060400,1645.0,406.0,818.0,285.0,127.0,0.0,9.0,sfr
06075060502,1029.0,4.0,84.0,643.0,257.0,28.0,13.0,sfr
06075060700,3324.0,351.0,1434.0,1259.0,158.0,122.0,0.0,sfr
06075061000,1095.0,0.0,116.0,410.0,309.0,221.0,39.0,sfr
06075061100,2427.0,1413.0,426.0,336.0,124.0,73.0,55.0,sfr
06075061200,1218.0,0.0,229.0,385.0,346.0,187.0,71.0,sfr
06075061400,2596.0,126.0,551.0,943.0,832.0,134.0,10.0,sfr
06075061500,7206.0,1269.0,2858.0,2722.0,264.0,80.0,13.0,sfr
06075980200,93.0,0.0,9.0,53.0,22.0,0.0,9.0,sfr
06075980300,21.0,0.0,21.0,0.0,0.0,0.0,0.0,sfr
06075980401,0.0,0.0,0.0,0.0,0.0,0.0,0.0,sfr
06075980501,275.0,0.0,141.0,44.0,79.0,0.0,11.0,sfr
06075980600,163.0,0.0,0.0,80.0,71.0,12.0,0.0,sfr
06075980900,227.0,29.0,126.0,49.0,23.0,0.0,0.0,sfr
06075990100,0.0,0.0,0.0,0.0,0.0,0.0,0.0,sfr
06081600100,2018.0,69.0,376.0,751.0,554.0,203.0,65.0,san
06081600200,1096.0,24.0,38.0,325.0,377.0,258.0,74.0,san
06081600300,1340.0,62.0,62.0,190.0,680.0,326.0,20.0,san
06081600401,1110.0,0.0,37.0,652.0,282.0,118.0,21.0,san
06081600402,1255.0,0.0,135.0,380.0,412.0,225.0,103.0,san
06081600500,2194.0,20.0,133.0,683.0,935.0,371.0,52.0,san
06081600600,1515.0,89.0,245.0,528.0,515.0,126.0,12.0,san
06081600700,2079.0,72.0,234.0,791.0,581.0,276.0,125.0,san
06081600800,3005.0,320.0,1625.0,907.0,81.0,0.0,72.0,san
06081600900,1522.0,11.0,67.0,557.0,628.0,208.0,51.0,san
06081601000,2059.0,18.0,0.0,200.0,1213.0,491.0,137.0,san
06081601100,1955.0,0.0,120.0,576.0,870.0,323.0,66.0,san
06081601200,2116.0,104.0,161.0,816.0,889.0,131.0,15.0,san
06081601300,2612.0,27.0,1030.0,747.0,673.0,118.0,17.0,san
06081601400,1966.0,30.0,269.0,253.0,890.0,345.0,179.0,san
06081601501,1355.0,0.0,59.0,106.0,617.0,413.0,160.0,san
06081601502,1700.0,275.0,706.0,443.0,98.0,87.0,91.0,san
06081601601,944.0,9.0,47.0,457.0,351.0,56.0,24.0,san
06081601603,1990.0,86.0,218.0,265.0,984.0,402.0,35.0,san
06081601604,1271.0,73.0,561.0,354.0,222.0,61.0,0.0,san
06081601605,1768.0,0.0,11.0,77.0,1016.0,609.0,55.0,san
06081601700,1353.0,14.0,0.0,121.0,1054.0,153.0,11.0,san
06081601800,2110.0,11.0,30.0,249.0,1405.0,380.0,35.0,san
06081601901,1497.0,0.0,254.0,380.0,656.0,138.0,69.0,san
06081601902,2074.0,45.0,553.0,978.0,344.0,154.0,0.0,san
06081602000,2647.0,38.0,53.0,738.0,1242.0,473.0,103.0,san
06081602100,1025.0,0.0,209.0,471.0,233.0,107.0,5.0,san
06081602200,2630.0,131.0,566.0,1154.0,636.0,87.0,56.0,san
06081602300,1199.0,37.0,122.0,258.0,555.0,210.0,17.0,san
06081602400,2702.0,227.0,501.0,590.0,939.0,351.0,94.0,san
06081602500,1546.0,13.0,38.0,114.0,353.0,887.0,141.0,san
06081602600,2619.0,0.0,68.0,918.0,1071.0,547.0,15.0,san
06081602700,1956.0,0.0,337.0,449.0,713.0,429.0,28.0,san
06081602800,1546.0,8.0,75.0,250.0,746.0,361.0,106.0,san
06081602900,1707.0,37.0,523.0,411.0,546.0,169.0,21.0,san
06081603000,1977.0,84.0,567.0,664.0,486.0,158.0,18.0,san
06081603100,1273.0,13.0,76.0,237.0,734.0,173.0,40.0,san
06081603200,1482.0,8.0,48.0,178.0,911.0,294.0,43.0,san
06081603300,2444.0,47.0,82.0,261.0,1412.0,478.0,164.0,san
06081603400,2167.0,0.0,196.0,357.0,726.0,797.0,91.0,san
06081603700,1704.0,0.0,0.0,77.0,1142.0,408.0,77.0,san
06081603801,2008.0,588.0,873.0,457.0,70.0,20.0,0.0,san
06081603802,1894.0,0.0,168.0,151.0,1165.0,347.0,63.0,san
06081603900,2047.0,81.0,484.0,441.0,826.0,193.0,22.0,san
06081604000,1132.0,0.0,21.0,231.0,561.0,288.0,31.0,san
06081604101,2615.0,59.0,568.0,1198.0,575.0,144.0,71.0,san
06081604102,1387.0,158.0,854.0,337.0,38.0,0.0,0.0,san
06081604200,1104.0,43.0,190.0,409.0,303.0,130.0,29.0,san
06081604400,1648.0,81.0,438.0,581.0,337.0,197.0,14.0,san
06081604500,1423.0,120.0,180.0,211.0,706.0,180.0,26.0,san
06081604600,976.0,0.0,0.0,15.0,628.0,299.0,34.0,san
06081604700,1065.0,10.0,104.0,138.0,435.0,285.0,93.0,san
06081604800,2086.0,0.0,375.0,795.0,707.0,167.0,42.0,san
06081604900,1339.0,0.0,104.0,251.0,563.0,341.0,80.0,san
06081605000,2910.0,15.0,495.0,377.0,887.0,803.0,333.0,san
06081605100,1362.0,72.0,476.0,371.0,302.0,141.0,0.0,san
06081605200,1296.0,0.0,100.0,200.0,499.0,416.0,81.0,san
06081605300,1864.0,143.0,358.0,502.0,514.0,269.0,78.0,san
06081605400,2676.0,308.0,648.0,866.0,605.0,150.0,99.0,san
06081605500,2769.0,254.0,1318.0,811.0,245.0,69.0,72.0,san
06081605600,2021.0,0.0,0.0,20.0,377.0,1020.0,604.0,san
06081605700,1834.0,0.0,0.0,20.0,409.0,823.0,582.0,san
06081605800,1067.0,0.0,131.0,269.0,269.0,223.0,175.0,san
06081605900,2709.0,315.0,867.0,1182.0,303.0,42.0,0.0,san
06081606000,2338.0,321.0,802.0,750.0,366.0,68.0,31.0,san
06081606100,1378.0,35.0,149.0,398.0,553.0,133.0,110.0,san
06081606200,2384.0,52.0,521.0,1072.0,584.0,133.0,22.0,san
06081606300,1982.0,149.0,511.0,1004.0,283.0,7.0,28.0,san
06081606400,2756.0,319.0,757.0,1152.0,381.0,134.0,13.0,san
06081606500,1383.0,10.0,92.0,191.0,495.0,470.0,125.0,san
06081606600,1453.0,22.0,286.0,549.0,425.0,139.0,32.0,san
06081606700,973.0,9.0,34.0,137.0,556.0,198.0,39.0,san
06081606800,1335.0,43.0,98.0,88.0,600.0,371.0,135.0,san
06081606900,894.0,0.0,0.0,86.0,250.0,500.0,58.0,san
06081607000,1474.0,4.0,267.0,369.0,533.0,212.0,89.0,san
06081607100,1150.0,0.0,13.0,112.0,666.0,305.0,54.0,san
06081607200,1761.0,120.0,510.0,793.0,322.0,8.0,8.0,san
06081607300,1373.0,0.0,41.0,154.0,901.0,205.0,72.0,san
06081607400,1897.0,42.0,465.0,774.0,405.0,199.0,12.0,san
06081607500,1684.0,37.0,521.0,514.0,525.0,87.0,0.0,san
06081607600,1306.0,57.0,227.0,284.0,529.0,158.0,51.0,san
06081607701,1238.0,8.0,175.0,355.0,401.0,259.0,40.0,san
06081607702,814.0,0.0,10.0,76.0,568.0,69.0,91.0,san
06081607800,959.0,0.0,51.0,20.0,731.0,106.0,51.0,san
06081607900,1799.0,30.0,671.0,788.0,292.0,18.0,0.0,san
06081608001,1505.0,21.0,364.0,656.0,209.0,178.0,77.0,san
06081608002,1390.0,0.0,0.0,301.0,649.0,409.0,31.0,san
06081608004,2902.0,38.0,731.0,1197.0,552.0,293.0,91.0,san
06081608013,1553.0,16.0,177.0,533.0,526.0,223.0,78.0,san
06081608023,881.0,0.0,0.0,26.0,380.0,455.0,20.0,san
06081608100,1330.0,0.0,146.0,327.0,447.0,318.0,92.0,san
06081608200,1344.0,0.0,209.0,249.0,397.0,400.0,89.0,san
06081608300,1363.0,34.0,411.0,240.0,276.0,326.0,76.0,san
06081608400,2345.0,31.0,580.0,920.0,581.0,198.0,35.0,san
06081608501,1820.0,17.0,182.0,424.0,1042.0,105.0,50.0,san
06081608502,1208.0,19.0,413.0,391.0,170.0,177.0,38.0,san
06081608600,1834.0,61.0,572.0,371.0,639.0,191.0,0.0,san
06081608700,2828.0,90.0,414.0,628.0,992.0,552.0,152.0,san
06081608800,2185.0,0.0,17.0,161.0,1116.0,676.0,215.0,san
06081608900,3121.0,322.0,918.0,868.0,570.0,324.0,119.0,san
06081609000,987.0,0.0,81.0,125.0,628.0,153.0,0.0,san
06081609100,581.0,0.0,61.0,238.0,192.0,81.0,9.0,san
06081609201,1597.0,117.0,195.0,630.0,516.0,130.0,9.0,san
06081609202,1898.0,49.0,805.0,566.0,385.0,61.0,32.0,san
06081609300,1268.0,0.0,125.0,276.0,620.0,176.0,71.0,san
06081609400,1129.0,0.0,8.0,266.0,525.0,272.0,58.0,san
06081609500,1798.0,9.0,76.0,262.0,827.0,504.0,120.0,san
06081609601,1218.0,10.0,74.0,325.0,469.0,219.0,121.0,san
06081609602,675.0,0.0,0.0,147.0,314.0,155.0,59.0,san
06081609603,2171.0,0.0,31.0,486.0,989.0,575.0,90.0,san
06081609700,1672.0,24.0,101.0,187.0,586.0,587.0,187.0,san
06081609800,1733.0,64.0,128.0,305.0,827.0,314.0,95.0,san
06081609900,1127.0,23.0,4.0,237.0,606.0,193.0,64.0,san
06081610000,2058.0,213.0,452.0,516.0,499.0,301.0,77.0,san
06081610100,912.0,68.0,196.0,321.0,319.0,8.0,0.0,san
06081610201,1827.0,157.0,872.0,333.0,287.0,104.0,74.0,san
06081610202,760.0,75.0,408.0,200.0,66.0,0.0,11.0,san
06081610203,987.0,126.0,381.0,408.0,48.0,24.0,0.0,san
06081610302,937.0,97.0,274.0,333.0,221.0,12.0,0.0,san
06081610303,3100.0,0.0,406.0,970.0,877.0,720.0,127.0,san
06081610304,1925.0,0.0,325.0,691.0,578.0,275.0,56.0,san
06081610400,1678.0,101.0,203.0,723.0,507.0,125.0,19.0,san
06081610500,1363.0,5.0,231.0,586.0,485.0,56.0,0.0,san
06081610601,1650.0,118.0,435.0,751.0,295.0,39.0,12.0,san
06081610602,1203.0,0.0,133.0,389.0,499.0,133.0,49.0,san
06081610700,2145.0,138.0,385.0,799.0,493.0,312.0,18.0,san
06081610800,1659.0,76.0,531.0,955.0,73.0,24.0,0.0,san
06081610900,2498.0,34.0,782.0,1020.0,580.0,82.0,0.0,san
06081611000,2355.0,68.0,292.0,1133.0,635.0,188.0,39.0,san
06081611100,2305.0,0.0,91.0,318.0,1189.0,506.0,201.0,san
06081611200,1101.0,12.0,27.0,169.0,715.0,139.0,39.0,san
06081611300,2024.0,61.0,219.0,512.0,726.0,472.0,34.0,san
06081611400,1464.0,16.0,0.0,58.0,351.0,455.0,584.0,san
06081611500,909.0,0.0,37.0,38.0,215.0,435.0,184.0,san
06081611600,855.0,0.0,11.0,215.0,526.0,95.0,8.0,san
06081611700,1478.0,8.0,261.0,326.0,573.0,240.0,70.0,san
06081611800,1043.0,0.0,5.0,44.0,789.0,108.0,97.0,san
06081611900,2853.0,225.0,153.0,539.0,1208.0,541.0,187.0,san
06081612000,1758.0,98.0,161.0,373.0,719.0,280.0,127.0,san
06081612100,3192.0,513.0,1425.0,822.0,409.0,23.0,0.0,san
06081612500,2257.0,78.0,595.0,761.0,601.0,201.0,21.0,san
06081612600,2317.0,47.0,656.0,1055.0,479.0,51.0,29.0,san
06081612700,855.0,0.0,0.0,130.0,384.0,231.0,110.0,san
06081612800,1234.0,0.0,7.0,127.0,457.0,488.0,155.0,san
06081612900,1884.0,24.0,135.0,525.0,743.0,359.0,98.0,san
06081613000,1631.0,21.0,117.0,610.0,453.0,330.0,100.0,san
06081613200,2671.0,88.0,241.0,394.0,668.0,833.0,447.0,san
06081613300,1034.0,9.0,67.0,104.0,344.0,442.0,68.0,san
06081613400,1385.0,15.0,65.0,197.0,594.0,234.0,280.0,san
06081613501,1306.0,17.0,9.0,300.0,432.0,490.0,58.0,san
06081613502,2242.0,0.0,210.0,443.0,952.0,481.0,156.0,san
06081613600,2090.0,25.0,41.0,347.0,1007.0,552.0,118.0,san
06081613700,3472.0,110.0,255.0,1047.0,1255.0,661.0,144.0,san
06081613800,1995.0,8.0,449.0,683.0,639.0,182.0,34.0,san
06081613900,2280.0,31.0,326.0,590.0,908.0,331.0,94.0,san
06081614000,1793.0,0.0,159.0,215.0,812.0,425.0,182.0,san
06081984300,0.0,0.0,0.0,0.0,0.0,0.0,0.0,san
06081990100,0.0,0.0,0.0,0.0,0.0,0.0,0.0,san
06085500100,2028.0,42.0,417.0,839.0,609.0,121.0,0.0,scl
06085500200,2093.0,84.0,737.0,944.0,247.0,70.0,11.0,scl
06085500300,1312.0,49.0,396.0,403.0,318.0,141.0,5.0,scl
06085500400,1056.0,12.0,357.0,245.0,315.0,95.0,32.0,scl
06085500500,2014.0,84.0,233.0,465.0,816.0,293.0,123.0,scl
06085500600,2221.0,135.0,675.0,821.0,371.0,141.0,78.0,scl
06085500800,1315.0,181.0,508.0,461.0,149.0,16.0,0.0,scl
06085500901,1881.0,298.0,829.0,635.0,69.0,0.0,50.0,scl
06085500902,653.0,86.0,230.0,286.0,17.0,28.0,6.0,scl
06085501000,2133.0,312.0,811.0,624.0,276.0,61.0,49.0,scl
06085501101,1756.0,115.0,743.0,677.0,172.0,6.0,43.0,scl
06085501102,1422.0,52.0,110.0,606.0,427.0,155.0,72.0,scl
06085501200,1409.0,144.0,221.0,652.0,339.0,41.0,12.0,scl
06085501300,1200.0,113.0,136.0,193.0,578.0,118.0,62.0,scl
06085501401,1025.0,30.0,561.0,345.0,89.0,0.0,0.0,scl
06085501402,832.0,0.0,85.0,483.0,239.0,11.0,14.0,scl
06085501501,1176.0,99.0,253.0,447.0,273.0,104.0,0.0,scl
06085501502,1131.0,88.0,172.0,343.0,220.0,226.0,82.0,scl
06085501600,2595.0,525.0,747.0,777.0,371.0,96.0,79.0,scl
06085501700,1284.0,27.0,417.0,291.0,448.0,69.0,32.0,scl
06085501800,1757.0,49.0,191.0,780.0,469.0,181.0,87.0,scl
06085501900,1920.0,110.0,585.0,745.0,459.0,4.0,17.0,scl
06085502001,2158.0,113.0,741.0,718.0,484.0,56.0,46.0,scl
06085502002,1723.0,36.0,426.0,934.0,237.0,82.0,8.0,scl
06085502101,2027.0,0.0,239.0,879.0,613.0,265.0,31.0,scl
06085502102,2790.0,97.0,1069.0,939.0,632.0,53.0,0.0,scl
06085502201,2837.0,175.0,837.0,1368.0,436.0,21.0,0.0,scl
06085502202,1477.0,55.0,430.0,538.0,353.0,88.0,13.0,scl
06085502301,1300.0,0.0,104.0,492.0,500.0,180.0,24.0,scl
06085502302,1317.0,10.0,421.0,333.0,392.0,109.0,52.0,scl
06085502400,2957.0,0.0,105.0,1027.0,1247.0,341.0,237.0,scl
06085502500,2517.0,0.0,79.0,537.0,1410.0,413.0,78.0,scl
06085502601,1232.0,66.0,35.0,255.0,422.0,322.0,132.0,scl
06085502603,1067.0,28.0,66.0,176.0,464.0,260.0,73.0,scl
06085502604,2326.0,144.0,891.0,1025.0,236.0,16.0,14.0,scl
06085502701,2049.0,55.0,322.0,684.0,562.0,339.0,87.0,scl
06085502702,3207.0,29.0,275.0,954.0,1323.0,626.0,0.0,scl
06085502800,1392.0,0.0,14.0,116.0,858.0,284.0,120.0,scl
06085502901,2285.0,13.0,316.0,377.0,1038.0,473.0,68.0,scl
06085502902,2677.0,0.0,0.0,226.0,1110.0,1092.0,249.0,scl
06085502903,1984.0,0.0,0.0,67.0,986.0,801.0,130.0,scl
06085502906,1679.0,0.0,160.0,427.0,784.0,308.0,0.0,scl
06085502907,1357.0,0.0,0.0,41.0,715.0,493.0,108.0,scl
06085502908,2386.0,133.0,49.0,432.0,1063.0,651.0,58.0,scl
06085502909,2092.0,106.0,364.0,667.0,436.0,458.0,61.0,scl
06085502910,1513.0,0.0,476.0,274.0,541.0,213.0,9.0,scl
06085503001,1591.0,3.0,0.0,284.0,974.0,272.0,58.0,scl
06085503002,1346.0,0.0,161.0,113.0,679.0,329.0,64.0,scl
06085503003,1821.0,0.0,27.0,79.0,1128.0,542.0,45.0,scl
06085503105,766.0,0.0,272.0,230.0,182.0,82.0,0.0,scl
06085503108,2937.0,164.0,667.0,805.0,739.0,513.0,49.0,scl
06085503110,1165.0,18.0,164.0,570.0,278.0,135.0,0.0,scl
06085503111,1115.0,7.0,5.0,84.0,659.0,276.0,84.0,scl
06085503112,1454.0,70.0,417.0,755.0,195.0,17.0,0.0,scl
06085503113,1283.0,0.0,415.0,619.0,217.0,7.0,25.0,scl
06085503115,2481.0,19.0,19.0,1185.0,965.0,247.0,46.0,scl
06085503116,2260.0,75.0,426.0,845.0,623.0,291.0,0.0,scl
06085503117,776.0,0.0,107.0,400.0,218.0,13.0,38.0,scl
06085503118,1751.0,151.0,305.0,795.0,454.0,46.0,0.0,scl
06085503121,1579.0,0.0,292.0,838.0,370.0,76.0,3.0,scl
06085503122,1193.0,341.0,260.0,346.0,202.0,12.0,32.0,scl
06085503123,1694.0,225.0,518.0,741.0,167.0,43.0,0.0,scl
06085503204,2255.0,0.0,142.0,1202.0,629.0,202.0,80.0,scl
06085503207,1034.0,0.0,28.0,165.0,352.0,450.0,39.0,scl
06085503208,874.0,11.0,0.0,25.0,453.0,338.0,47.0,scl
06085503210,964.0,8.0,49.0,129.0,401.0,319.0,58.0,scl
06085503211,1149.0,9.0,0.0,17.0,644.0,430.0,49.0,scl
06085503212,985.0,0.0,0.0,40.0,339.0,540.0,66.0,scl
06085503213,1262.0,10.0,56.0,671.0,391.0,115.0,19.0,scl
06085503214,1782.0,11.0,99.0,729.0,629.0,247.0,67.0,scl
06085503217,1105.0,0.0,20.0,348.0,533.0,204.0,0.0,scl
06085503218,1165.0,58.0,348.0,183.0,393.0,183.0,0.0,scl
06085503304,1865.0,15.0,342.0,617.0,518.0,317.0,56.0,scl
06085503305,1531.0,68.0,203.0,181.0,493.0,459.0,127.0,scl
06085503306,908.0,0.0,0.0,55.0,579.0,175.0,99.0,scl
06085503312,1115.0,9.0,23.0,113.0,420.0,429.0,121.0,scl
06085503313,1318.0,0.0,0.0,0.0,309.0,856.0,153.0,scl
06085503315,2024.0,0.0,183.0,458.0,691.0,583.0,109.0,scl
06085503321,1101.0,0.0,0.0,21.0,221.0,616.0,243.0,scl
06085503322,1056.0,0.0,0.0,46.0,374.0,561.0,75.0,scl
06085503323,1243.0,15.0,0.0,40.0,477.0,551.0,160.0,scl
06085503324,923.0,0.0,0.0,10.0,209.0,659.0,45.0,scl
06085503325,1207.0,0.0,9.0,27.0,541.0,523.0,107.0,scl
06085503326,1655.0,10.0,14.0,13.0,677.0,573.0,368.0,scl
06085503327,1359.0,155.0,0.0,37.0,500.0,480.0,187.0,scl
06085503329,949.0,0.0,0.0,42.0,284.0,410.0,213.0,scl
06085503330,2058.0,0.0,58.0,61.0,542.0,887.0,510.0,scl
06085503331,1448.0,37.0,156.0,527.0,346.0,357.0,25.0,scl
06085503332,2584.0,0.0,37.0,1573.0,438.0,417.0,119.0,scl
06085503333,1336.0,0.0,14.0,208.0,506.0,457.0,151.0,scl
06085503334,2686.0,11.0,0.0,117.0,451.0,1128.0,979.0,scl
06085503336,876.0,0.0,0.0,146.0,312.0,404.0,14.0,scl
06085503337,985.0,17.0,0.0,134.0,533.0,206.0,95.0,scl
06085503401,961.0,0.0,4.0,92.0,704.0,118.0,43.0,scl
06085503402,1192.0,17.0,124.0,195.0,583.0,254.0,19.0,scl
06085503504,1159.0,0.0,0.0,56.0,706.0,355.0,42.0,scl
06085503506,1309.0,0.0,74.0,86.0,688.0,405.0,56.0,scl
06085503507,359.0,0.0,0.0,10.0,244.0,26.0,79.0,scl
06085503508,1304.0,8.0,118.0,142.0,654.0,269.0,113.0,scl
06085503509,886.0,0.0,0.0,57.0,392.0,335.0,102.0,scl
06085503510,1405.0,66.0,65.0,265.0,842.0,163.0,4.0,scl
06085503511,848.0,0.0,0.0,116.0,355.0,365.0,12.0,scl
06085503601,967.0,24.0,258.0,317.0,315.0,53.0,0.0,scl
06085503602,1273.0,103.0,233.0,371.0,420.0,146.0,0.0,scl
06085503703,912.0,49.0,35.0,221.0,391.0,172.0,44.0,scl
06085503707,1468.0,36.0,125.0,530.0,605.0,170.0,2.0,scl
06085503708,744.0,0.0,15.0,128.0,359.0,158.0,84.0,scl
06085503709,1443.0,44.0,135.0,750.0,336.0,166.0,12.0,scl
06085503710,924.0,48.0,248.0,244.0,291.0,70.0,23.0,scl
06085503711,1033.0,0.0,82.0,429.0,383.0,107.0,32.0,scl
06085503712,1304.0,97.0,285.0,648.0,261.0,0.0,13.0,scl
06085503713,1127.0,140.0,369.0,574.0,32.0,12.0,0.0,scl
06085503802,2328.0,54.0,139.0,422.0,1216.0,419.0,78.0,scl
06085503803,1406.0,0.0,0.0,402.0,392.0,495.0,117.0,scl
06085503804,1550.0,9.0,82.0,578.0,552.0,290.0,39.0,scl
06085503902,1485.0,58.0,161.0,331.0,756.0,142.0,37.0,scl
06085503903,928.0,0.0,219.0,108.0,427.0,113.0,61.0,scl
06085504001,1613.0,55.0,82.0,567.0,743.0,144.0,22.0,scl
06085504002,1389.0,0.0,204.0,436.0,377.0,328.0,44.0,scl
06085504101,1042.0,0.0,7.0,271.0,456.0,214.0,94.0,scl
06085504102,1391.0,10.0,30.0,233.0,853.0,191.0,74.0,scl
06085504201,1739.0,0.0,77.0,343.0,879.0,287.0,153.0,scl
06085504202,1550.0,0.0,0.0,111.0,730.0,526.0,183.0,scl
06085504307,1760.0,0.0,107.0,380.0,481.0,607.0,185.0,scl
06085504308,1490.0,34.0,79.0,118.0,477.0,603.0,179.0,scl
06085504311,2400.0,0.0,135.0,743.0,726.0,682.0,114.0,scl
06085504314,1350.0,0.0,9.0,20.0,541.0,693.0,87.0,scl
06085504315,2029.0,0.0,54.0,402.0,765.0,762.0,46.0,scl
06085504316,1442.0,7.0,19.0,143.0,804.0,423.0,46.0,scl
06085504317,1240.0,0.0,35.0,94.0,506.0,555.0,50.0,scl
06085504318,1491.0,44.0,118.0,405.0,815.0,84.0,25.0,scl
06085504319,1970.0,115.0,137.0,293.0,442.0,709.0,274.0,scl
06085504320,848.0,0.0,5.0,22.0,369.0,409.0,43.0,scl
06085504321,1598.0,33.0,224.0,205.0,629.0,453.0,54.0,scl
06085504322,2047.0,0.0,277.0,1121.0,527.0,101.0,21.0,scl
06085504323,1833.0,54.0,278.0,399.0,486.0,510.0,106.0,scl
06085504410,1252.0,32.0,42.0,129.0,489.0,459.0,101.0,scl
06085504411,1567.0,0.0,57.0,97.0,686.0,659.0,68.0,scl
06085504412,1347.0,7.0,92.0,405.0,637.0,164.0,42.0,scl
06085504413,711.0,25.0,152.0,182.0,215.0,137.0,0.0,scl
06085504414,1508.0,0.0,0.0,67.0,614.0,700.0,127.0,scl
06085504415,1593.0,0.0,0.0,88.0,774.0,627.0,104.0,scl
06085504416,1134.0,0.0,0.0,180.0,568.0,386.0,0.0,scl
06085504417,105.0,0.0,0.0,32.0,10.0,31.0,32.0,scl
06085504418,1334.0,0.0,169.0,489.0,416.0,213.0,47.0,scl
06085504420,1416.0,0.0,78.0,193.0,493.0,522.0,130.0,scl
06085504421,1396.0,12.0,0.0,135.0,554.0,520.0,175.0,scl
06085504422,1049.0,47.0,9.0,59.0,633.0,208.0,93.0,scl
06085504423,663.0,0.0,0.0,38.0,314.0,222.0,89.0,scl
06085504504,2456.0,13.0,524.0,1101.0,685.0,98.0,35.0,scl
06085504505,1187.0,19.0,26.0,96.0,658.0,301.0,87.0,scl
06085504506,2316.0,15.0,351.0,1098.0,509.0,287.0,56.0,scl
06085504507,1701.0,2.0,138.0,248.0,941.0,321.0,51.0,scl
06085504601,539.0,0.0,45.0,196.0,191.0,107.0,0.0,scl
06085504602,519.0,42.0,18.0,142.0,217.0,88.0,12.0,scl
06085504700,103.0,0.0,0.0,28.0,39.0,36.0,0.0,scl
06085504802,1815.0,11.0,260.0,456.0,894.0,82.0,112.0,scl
06085504803,2607.0,315.0,482.0,1090.0,579.0,134.0,7.0,scl
06085504805,2355.0,66.0,101.0,1002.0,1084.0,83.0,19.0,scl
06085504806,803.0,21.0,0.0,53.0,488.0,198.0,43.0,scl
06085504901,3548.0,51.0,791.0,1642.0,786.0,258.0,20.0,scl
06085505001,3588.0,182.0,634.0,976.0,992.0,731.0,73.0,scl
06085505006,1969.0,14.0,710.0,954.0,285.0,6.0,0.0,scl
06085505007,1016.0,0.0,6.0,277.0,350.0,319.0,64.0,scl
06085505008,2598.0,66.0,1298.0,1155.0,79.0,0.0,0.0,scl
06085505009,2419.0,104.0,328.0,1007.0,827.0,153.0,0.0,scl
06085505100,1410.0,131.0,425.0,588.0,191.0,49.0,26.0,scl
06085505202,2208.0,0.0,795.0,784.0,512.0,57.0,60.0,scl
06085505203,1260.0,50.0,265.0,599.0,233.0,94.0,19.0,scl
06085505301,1384.0,27.0,166.0,424.0,642.0,88.0,37.0,scl
06085505302,1469.0,0.0,137.0,140.0,685.0,423.0,84.0,scl
06085505303,2245.0,18.0,576.0,1045.0,461.0,76.0,69.0,scl
06085505304,1104.0,0.0,0.0,23.0,797.0,184.0,100.0,scl
06085505305,2158.0,132.0,289.0,243.0,1087.0,303.0,104.0,scl
06085505401,2567.0,0.0,805.0,1224.0,306.0,195.0,37.0,scl
06085505402,1182.0,22.0,115.0,378.0,579.0,47.0,41.0,scl
06085505403,2791.0,55.0,669.0,1270.0,668.0,129.0,0.0,scl
06085505500,1648.0,0.0,243.0,324.0,924.0,132.0,25.0,scl
06085505600,1368.0,125.0,462.0,459.0,206.0,107.0,9.0,scl
06085505700,2431.0,128.0,644.0,1011.0,535.0,71.0,42.0,scl
06085505800,1607.0,30.0,62.0,351.0,968.0,173.0,23.0,scl
06085505900,3128.0,145.0,808.0,784.0,1027.0,331.0,33.0,scl
06085506000,1905.0,18.0,303.0,525.0,864.0,160.0,35.0,scl
06085506101,1751.0,19.0,122.0,179.0,848.0,504.0,79.0,scl
06085506102,1644.0,0.0,167.0,471.0,760.0,168.0,78.0,scl
06085506103,1724.0,0.0,97.0,431.0,768.0,366.0,62.0,scl
06085506202,2584.0,72.0,330.0,318.0,1047.0,635.0,182.0,scl
06085506203,2525.0,43.0,1115.0,998.0,320.0,26.0,23.0,scl
06085506204,2181.0,0.0,58.0,609.0,1074.0,328.0,112.0,scl
06085506301,2491.0,0.0,972.0,948.0,475.0,82.0,14.0,scl
06085506302,2512.0,71.0,283.0,578.0,993.0,554.0,33.0,scl
06085506304,2188.0,284.0,758.0,786.0,192.0,145.0,23.0,scl
06085506305,2641.0,14.0,733.0,1053.0,428.0,344.0,69.0,scl
06085506401,2071.0,260.0,650.0,518.0,497.0,102.0,44.0,scl
06085506402,2335.0,68.0,879.0,644.0,408.0,291.0,45.0,scl
06085506501,2618.0,89.0,512.0,1533.0,364.0,120.0,0.0,scl
06085506502,2031.0,0.0,284.0,1246.0,366.0,76.0,59.0,scl
06085506503,2767.0,76.0,705.0,1141.0,619.0,201.0,25.0,scl
06085506601,1782.0,112.0,357.0,326.0,641.0,316.0,30.0,scl
06085506603,1428.0,0.0,0.0,101.0,730.0,492.0,105.0,scl
06085506604,2675.0,30.0,33.0,243.0,1611.0,723.0,35.0,scl
06085506605,1595.0,99.0,283.0,401.0,537.0,243.0,32.0,scl
06085506606,1710.0,32.0,256.0,460.0,707.0,247.0,8.0,scl
06085506701,1402.0,0.0,38.0,199.0,649.0,405.0,111.0,scl
06085506702,2161.0,13.0,253.0,689.0,620.0,434.0,152.0,scl
06085506703,1457.0,53.0,122.0,296.0,826.0,133.0,27.0,scl
06085506801,2265.0,0.0,128.0,544.0,917.0,525.0,151.0,scl
06085506802,1899.0,44.0,148.0,297.0,942.0,419.0,49.0,scl
06085506803,2428.0,122.0,188.0,197.0,931.0,894.0,96.0,scl
06085506804,1384.0,0.0,0.0,169.0,683.0,426.0,106.0,scl
06085506900,2750.0,0.0,182.0,276.0,834.0,1009.0,449.0,scl
06085507001,3225.0,106.0,418.0,801.0,1182.0,556.0,162.0,scl
06085507002,1088.0,0.0,40.0,143.0,443.0,341.0,121.0,scl
06085507100,1333.0,0.0,429.0,455.0,261.0,180.0,8.0,scl
06085507203,971.0,87.0,114.0,189.0,297.0,223.0,61.0,scl
06085507205,1965.0,44.0,171.0,246.0,797.0,568.0,139.0,scl
06085507206,975.0,0.0,18.0,97.0,296.0,365.0,199.0,scl
06085507301,2470.0,53.0,200.0,199.0,739.0,836.0,443.0,scl
06085507302,1053.0,57.0,20.0,104.0,372.0,398.0,102.0,scl
06085507401,1879.0,0.0,0.0,21.0,491.0,924.0,443.0,scl
06085507402,1496.0,30.0,113.0,177.0,513.0,488.0,175.0,scl
06085507500,1991.0,0.0,16.0,115.0,470.0,974.0,416.0,scl
06085507600,2052.0,0.0,36.0,184.0,479.0,919.0,434.0,scl
06085507701,1398.0,0.0,10.0,190.0,382.0,675.0,141.0,scl
06085507702,2118.0,0.0,0.0,127.0,634.0,1072.0,285.0,scl
06085507703,2657.0,40.0,134.0,633.0,955.0,571.0,324.0,scl
06085507805,1863.0,11.0,481.0,794.0,254.0,214.0,109.0,scl
06085507806,2059.0,227.0,305.0,798.0,311.0,253.0,165.0,scl
06085507807,1061.0,0.0,41.0,290.0,353.0,334.0,43.0,scl
06085507808,1823.0,0.0,90.0,108.0,1049.0,470.0,106.0,scl
06085507903,1655.0,0.0,11.0,111.0,775.0,526.0,232.0,scl
06085507904,1117.0,0.0,0.0,26.0,482.0,421.0,188.0,scl
06085507905,2223.0,195.0,237.0,759.0,596.0,294.0,142.0,scl
06085507906,1424.0,0.0,0.0,101.0,663.0,530.0,130.0,scl
06085508001,2922.0,15.0,506.0,770.0,947.0,667.0,17.0,scl
06085508003,763.0,6.0,37.0,374.0,210.0,136.0,0.0,scl
06085508004,2238.0,55.0,347.0,597.0,743.0,308.0,188.0,scl
06085508101,2413.0,0.0,243.0,809.0,800.0,485.0,76.0,scl
06085508102,1198.0,52.0,269.0,276.0,403.0,187.0,11.0,scl
06085508202,2939.0,66.0,365.0,541.0,1155.0,640.0,172.0,scl
06085508203,1873.0,0.0,204.0,344.0,694.0,470.0,161.0,scl
06085508204,1552.0,12.0,193.0,287.0,578.0,334.0,148.0,scl
06085508301,1566.0,36.0,139.0,52.0,580.0,497.0,262.0,scl
06085508303,915.0,0.0,34.0,28.0,338.0,461.0,54.0,scl
06085508304,3025.0,128.0,410.0,1391.0,669.0,374.0,53.0,scl
06085508401,2536.0,0.0,419.0,440.0,1155.0,430.0,92.0,scl
06085508403,1049.0,0.0,19.0,116.0,259.0,527.0,128.0,scl
06085508404,2443.0,76.0,121.0,690.0,771.0,553.0,232.0,scl
06085508503,2924.0,387.0,936.0,891.0,488.0,179.0,43.0,scl
06085508504,3329.0,209.0,1375.0,1247.0,344.0,113.0,41.0,scl
06085508505,2013.0,79.0,275.0,693.0,690.0,241.0,35.0,scl
06085508507,1543.0,62.0,603.0,816.0,62.0,0.0,0.0,scl
06085508508,1933.0,31.0,500.0,504.0,630.0,223.0,45.0,scl
06085508601,1446.0,0.0,131.0,409.0,741.0,127.0,38.0,scl
06085508602,1867.0,181.0,544.0,558.0,539.0,29.0,16.0,scl
06085508703,3178.0,51.0,663.0,1133.0,878.0,443.0,10.0,scl
06085508704,2414.0,173.0,960.0,835.0,445.0,1.0,0.0,scl
06085508800,1509.0,30.0,449.0,568.0,421.0,12.0,29.0,scl
06085508900,1855.0,257.0,321.0,476.0,695.0,81.0,25.0,scl
06085509000,2613.0,99.0,560.0,820.0,940.0,186.0,8.0,scl
06085509102,2487.0,0.0,549.0,1438.0,388.0,112.0,0.0,scl
06085509105,3075.0,27.0,874.0,1375.0,542.0,233.0,24.0,scl
06085509106,1788.0,40.0,582.0,446.0,457.0,228.0,35.0,scl
06085509107,2057.0,82.0,986.0,931.0,58.0,0.0,0.0,scl
06085509108,1842.0,84.0,407.0,852.0,458.0,20.0,21.0,scl
06085509109,1865.0,56.0,155.0,732.0,743.0,179.0,0.0,scl
06085509201,2498.0,171.0,739.0,936.0,418.0,223.0,11.0,scl
06085509202,1816.0,27.0,480.0,392.0,613.0,215.0,89.0,scl
06085509302,1211.0,15.0,243.0,97.0,706.0,135.0,15.0,scl
06085509303,1800.0,69.0,848.0,642.0,190.0,42.0,9.0,scl
06085509304,1174.0,73.0,142.0,671.0,288.0,0.0,0.0,scl
06085509401,1623.0,305.0,660.0,421.0,163.0,57.0,17.0,scl
06085509403,2071.0,20.0,1268.0,716.0,67.0,0.0,0.0,scl
06085509404,2758.0,125.0,864.0,1137.0,551.0,70.0,11.0,scl
06085509500,2323.0,81.0,696.0,832.0,652.0,46.0,16.0,scl
06085509600,1407.0,0.0,465.0,595.0,204.0,108.0,35.0,scl
06085509700,1414.0,0.0,346.0,602.0,364.0,74.0,28.0,scl
06085509801,2129.0,108.0,307.0,359.0,965.0,311.0,79.0,scl
06085509802,1123.0,42.0,135.0,172.0,538.0,215.0,21.0,scl
06085509901,673.0,0.0,15.0,62.0,383.0,135.0,78.0,scl
06085509902,1837.0,13.0,186.0,318.0,393.0,733.0,194.0,scl
06085510001,2135.0,0.0,0.0,133.0,945.0,853.0,204.0,scl
06085510002,1316.0,0.0,0.0,163.0,466.0,464.0,223.0,scl
06085510100,1118.0,0.0,0.0,62.0,360.0,526.0,170.0,scl
06085510200,1545.0,0.0,10.0,89.0,651.0,662.0,133.0,scl
06085510300,1738.0,38.0,109.0,599.0,515.0,387.0,90.0,scl
06085510400,1133.0,0.0,67.0,177.0,371.0,368.0,150.0,scl
06085510500,1870.0,8.0,234.0,278.0,652.0,494.0,204.0,scl
06085510600,2416.0,96.0,275.0,612.0,869.0,414.0,150.0,scl
06085510700,1952.0,70.0,538.0,641.0,478.0,194.0,31.0,scl
06085510801,1769.0,0.0,19.0,287.0,845.0,475.0,143.0,scl
06085510802,759.0,0.0,107.0,89.0,334.0,207.0,22.0,scl
06085510803,1054.0,111.0,186.0,120.0,390.0,201.0,46.0,scl
06085510900,2047.0,44.0,256.0,524.0,693.0,347.0,183.0,scl
06085511000,2418.0,0.0,326.0,600.0,837.0,514.0,141.0,scl
06085511100,1938.0,0.0,0.0,161.0,905.0,612.0,260.0,scl
06085511200,1828.0,31.0,60.0,287.0,558.0,545.0,347.0,scl
06085511301,1727.0,181.0,306.0,671.0,356.0,88.0,125.0,scl
06085511302,2484.0,331.0,917.0,775.0,307.0,71.0,83.0,scl
06085511400,1478.0,0.0,92.0,351.0,503.0,289.0,243.0,scl
06085511500,3017.0,137.0,577.0,875.0,688.0,558.0,182.0,scl
06085511608,239.0,0.0,53.0,176.0,0.0,10.0,0.0,scl
06085511609,1975.0,131.0,890.0,892.0,24.0,38.0,0.0,scl
06085511701,1479.0,0.0,11.0,40.0,339.0,618.0,471.0,scl
06085511702,962.0,0.0,0.0,87.0,424.0,303.0,148.0,scl
06085511704,1649.0,0.0,0.0,64.0,361.0,705.0,519.0,scl
06085511705,340.0,0.0,0.0,74.0,122.0,144.0,0.0,scl
06085511707,1264.0,0.0,189.0,297.0,194.0,378.0,206.0,scl
06085511800,1697.0,0.0,198.0,381.0,617.0,382.0,119.0,scl
06085511905,1110.0,8.0,0.0,127.0,235.0,487.0,253.0,scl
06085511907,1346.0,0.0,0.0,48.0,496.0,664.0,138.0,scl
06085511909,2715.0,0.0,8.0,95.0,767.0,1286.0,559.0,scl
06085511910,1078.0,0.0,0.0,0.0,223.0,633.0,222.0,scl
06085511911,1852.0,0.0,267.0,342.0,551.0,552.0,140.0,scl
06085511912,1769.0,13.0,0.0,61.0,544.0,849.0,302.0,scl
06085511913,1456.0,0.0,29.0,30.0,251.0,900.0,246.0,scl
06085511914,1995.0,0.0,14.0,86.0,602.0,1037.0,256.0,scl
06085511915,1302.0,0.0,352.0,613.0,255.0,54.0,28.0,scl
06085511916,1690.0,39.0,102.0,208.0,817.0,399.0,125.0,scl
06085512001,2021.0,0.0,10.0,239.0,699.0,853.0,220.0,scl
06085512005,2224.0,0.0,37.0,193.0,738.0,959.0,297.0,scl
06085512017,2223.0,0.0,103.0,417.0,1041.0,595.0,67.0,scl
06085512019,1607.0,26.0,169.0,282.0,440.0,604.0,86.0,scl
06085512020,2817.0,402.0,1304.0,533.0,309.0,233.0,36.0,scl
06085512021,2102.0,21.0,9.0,534.0,775.0,617.0,146.0,scl
06085512022,1899.0,98.0,202.0,815.0,534.0,250.0,0.0,scl
06085512023,2030.0,184.0,121.0,900.0,620.0,205.0,0.0,scl
06085512024,1754.0,102.0,163.0,162.0,880.0,365.0,82.0,scl
06085512025,1087.0,22.0,16.0,17.0,334.0,538.0,160.0,scl
06085512026,1413.0,21.0,60.0,524.0,570.0,238.0,0.0,scl
06085512027,1640.0,107.0,521.0,342.0,285.0,374.0,11.0,scl
06085512029,2392.0,36.0,221.0,344.0,776.0,785.0,230.0,scl
06085512030,997.0,0.0,38.0,34.0,262.0,506.0,157.0,scl
06085512031,1408.0,0.0,0.0,41.0,537.0,791.0,39.0,scl
06085512032,1054.0,0.0,0.0,154.0,392.0,426.0,82.0,scl
06085512033,2004.0,55.0,69.0,355.0,522.0,775.0,228.0,scl
06085512034,1054.0,0.0,0.0,115.0,660.0,203.0,76.0,scl
06085512035,1392.0,29.0,86.0,79.0,406.0,575.0,217.0,scl
06085512036,1777.0,189.0,357.0,485.0,247.0,364.0,135.0,scl
06085512037,1012.0,0.0,0.0,21.0,515.0,411.0,65.0,scl
06085512038,1120.0,63.0,47.0,675.0,170.0,165.0,0.0,scl
06085512039,1361.0,0.0,0.0,133.0,650.0,548.0,30.0,scl
06085512042,857.0,63.0,106.0,47.0,334.0,302.0,5.0,scl
06085512043,1671.0,0.0,158.0,726.0,568.0,204.0,15.0,scl
06085512045,1870.0,0.0,0.0,41.0,943.0,804.0,82.0,scl
06085512047,1768.0,0.0,12.0,192.0,617.0,857.0,90.0,scl
06085512052,1819.0,116.0,201.0,946.0,418.0,128.0,10.0,scl
06085512053,1613.0,46.0,0.0,584.0,375.0,583.0,25.0,scl
06085512100,475.0,0.0,44.0,46.0,199.0,120.0,66.0,scl
06085512200,1573.0,37.0,169.0,213.0,333.0,618.0,203.0,scl
06085512305,1342.0,0.0,91.0,150.0,381.0,399.0,321.0,scl
06085512307,2394.0,12.0,70.0,548.0,675.0,728.0,361.0,scl
06085512308,2186.0,0.0,0.0,118.0,665.0,1114.0,289.0,scl
06085512309,1731.0,0.0,0.0,327.0,509.0,694.0,201.0,scl
06085512310,1317.0,17.0,109.0,564.0,395.0,213.0,19.0,scl
06085512311,1097.0,0.0,72.0,248.0,371.0,333.0,73.0,scl
06085512312,932.0,0.0,0.0,71.0,399.0,398.0,64.0,scl
06085512313,1200.0,0.0,89.0,432.0,449.0,171.0,59.0,scl
06085512314,2101.0,167.0,52.0,643.0,845.0,240.0,154.0,scl
06085512401,1422.0,41.0,79.0,182.0,590.0,408.0,122.0,scl
06085512402,1515.0,0.0,22.0,162.0,678.0,465.0,188.0,scl
06085512503,2464.0,15.0,0.0,138.0,756.0,1201.0,354.0,scl
06085512505,2137.0,0.0,130.0,510.0,752.0,626.0,119.0,scl
06085512506,1842.0,37.0,84.0,308.0,934.0,466.0,13.0,scl
06085512508,2620.0,0.0,384.0,481.0,1055.0,539.0,161.0,scl
06085512509,1188.0,0.0,0.0,296.0,399.0,347.0,146.0,scl
06085512510,2116.0,39.0,336.0,236.0,591.0,579.0,335.0,scl
06085512602,830.0,53.0,15.0,197.0,304.0,210.0,51.0,scl
06085512603,1056.0,139.0,132.0,417.0,249.0,106.0,13.0,scl
06085512604,1108.0,21.0,39.0,486.0,392.0,170.0,0.0,scl
06085513000,2218.0,635.0,597.0,829.0,140.0,17.0,0.0,scl
06085513500,301.0,0.0,7.0,57.0,136.0,65.0,36.0,scl
06095250103,1669.0,32.0,52.0,461.0,470.0,573.0,81.0,son
06095250104,879.0,0.0,142.0,74.0,340.0,265.0,58.0,son
06095250105,2229.0,0.0,232.0,351.0,596.0,886.0,164.0,son
06095250106,1412.0,0.0,19.0,12.0,628.0,487.0,266.0,son
06095250200,1506.0,0.0,86.0,594.0,735.0,82.0,9.0,son
06095250300,1266.0,8.0,68.0,385.0,731.0,67.0,7.0,son
06095250400,1359.0,22.0,142.0,706.0,458.0,31.0,0.0,son
06095250501,819.0,42.0,0.0,108.0,566.0,74.0,29.0,son
06095250502,1213.0,0.0,76.0,184.0,539.0,390.0,24.0,son
06095250601,1604.0,10.0,53.0,309.0,884.0,198.0,150.0,son
06095250604,1538.0,0.0,125.0,313.0,482.0,483.0,135.0,son
06095250605,1575.0,0.0,47.0,105.0,822.0,581.0,20.0,son
06095250701,1183.0,29.0,129.0,492.0,433.0,84.0,16.0,son
06095250801,1656.0,20.0,325.0,820.0,257.0,234.0,0.0,son
06095250900,1623.0,282.0,808.0,354.0,155.0,0.0,24.0,son
06095251000,1308.0,28.0,288.0,495.0,345.0,94.0,58.0,son
06095251100,1294.0,46.0,216.0,606.0,270.0,94.0,62.0,son
06095251200,1273.0,29.0,119.0,488.0,530.0,95.0,12.0,son
06095251300,1268.0,0.0,35.0,325.0,719.0,147.0,42.0,son
06095251400,2322.0,0.0,102.0,727.0,1073.0,401.0,19.0,son
06095251500,1587.0,37.0,286.0,875.0,282.0,85.0,22.0,son
06095251600,1291.0,10.0,429.0,542.0,190.0,98.0,22.0,son
06095251701,1652.0,52.0,386.0,824.0,319.0,40.0,31.0,son
06095251702,994.0,0.0,12.0,337.0,459.0,175.0,11.0,son
06095251802,1313.0,9.0,571.0,531.0,105.0,97.0,0.0,son
06095251803,1474.0,0.0,6.0,110.0,968.0,348.0,42.0,son
06095251804,1045.0,12.0,0.0,73.0,520.0,424.0,16.0,son
06095251901,2006.0,112.0,303.0,716.0,632.0,208.0,35.0,son
06095251902,1750.0,0.0,42.0,264.0,858.0,575.0,11.0,son
06095251903,1750.0,0.0,13.0,111.0,893.0,696.0,37.0,son
06095252000,2319.0,71.0,365.0,788.0,682.0,353.0,60.0,son
06095252102,1742.0,30.0,185.0,552.0,769.0,187.0,19.0,son
06095252103,2059.0,0.0,393.0,450.0,493.0,570.0,153.0,son
06095252104,1852.0,0.0,102.0,55.0,676.0,717.0,302.0,son
06095252105,1399.0,0.0,46.0,351.0,493.0,448.0,61.0,son
06095252106,1825.0,52.0,164.0,538.0,494.0,503.0,74.0,son
06095252107,1556.0,29.0,153.0,319.0,538.0,468.0,49.0,son
06095252108,1368.0,0.0,32.0,429.0,487.0,392.0,28.0,son
06095252201,2975.0,14.0,25.0,227.0,1396.0,1054.0,259.0,son
06095252202,3005.0,0.0,0.0,109.0,1386.0,1216.0,294.0,son
06095252305,1643.0,0.0,151.0,245.0,460.0,489.0,298.0,son
06095252306,1290.0,0.0,85.0,62.0,623.0,485.0,35.0,son
06095252310,1216.0,0.0,62.0,137.0,416.0,443.0,158.0,son
06095252311,1646.0,0.0,169.0,60.0,268.0,791.0,358.0,son
06095252312,1300.0,0.0,170.0,297.0,581.0,240.0,12.0,son
06095252313,2150.0,2.0,305.0,681.0,480.0,586.0,96.0,son
06095252314,1477.0,0.0,67.0,54.0,569.0,768.0,19.0,son
06095252315,1438.0,0.0,36.0,54.0,500.0,776.0,72.0,son
06095252316,1151.0,0.0,30.0,204.0,629.0,261.0,27.0,son
06095252317,2197.0,14.0,11.0,140.0,1022.0,683.0,327.0,son
06095252401,1450.0,0.0,105.0,253.0,751.0,313.0,28.0,son
06095252402,1688.0,54.0,113.0,433.0,729.0,346.0,13.0,son
06095252501,995.0,0.0,119.0,358.0,396.0,83.0,39.0,son
06095252502,658.0,37.0,213.0,222.0,173.0,0.0,13.0,son
06095252604,1224.0,11.0,74.0,471.0,463.0,204.0,1.0,son
06095252605,1998.0,0.0,182.0,1007.0,580.0,229.0,0.0,son
06095252606,1800.0,18.0,262.0,448.0,870.0,202.0,0.0,son
06095252607,1212.0,8.0,76.0,449.0,603.0,70.0,6.0,son
06095252608,1380.0,0.0,53.0,486.0,616.0,220.0,5.0,son
06095252610,1066.0,0.0,87.0,10.0,527.0,439.0,3.0,son
06095252611,1191.0,0.0,62.0,665.0,350.0,114.0,0.0,son
06095252702,2417.0,29.0,173.0,371.0,1168.0,573.0,103.0,son
06095252703,1261.0,0.0,0.0,122.0,866.0,266.0,7.0,son
06095252704,1815.0,0.0,231.0,365.0,556.0,642.0,21.0,son
06095252705,1957.0,0.0,0.0,111.0,1019.0,793.0,34.0,son
06095252706,1178.0,0.0,12.0,43.0,774.0,335.0,14.0,son
06095252707,1660.0,0.0,62.0,415.0,960.0,223.0,0.0,son
06095252801,1189.0,0.0,20.0,556.0,420.0,193.0,0.0,son
06095252802,234.0,0.0,26.0,109.0,92.0,7.0,0.0,son
06095252903,1728.0,0.0,36.0,319.0,708.0,536.0,129.0,son
06095252904,1760.0,0.0,188.0,486.0,687.0,172.0,227.0,son
06095252908,1340.0,6.0,165.0,284.0,275.0,517.0,93.0,son
06095252909,1086.0,13.0,0.0,24.0,639.0,389.0,21.0,son
06095252910,1998.0,9.0,128.0,139.0,1225.0,475.0,22.0,son
06095252911,2848.0,0.0,466.0,1594.0,557.0,173.0,58.0,son
06095252912,1882.0,0.0,0.0,82.0,706.0,877.0,217.0,son
06095252913,1727.0,9.0,27.0,235.0,1033.0,379.0,44.0,son
06095252914,1828.0,0.0,111.0,284.0,845.0,486.0,102.0,son
06095252915,958.0,0.0,0.0,50.0,254.0,514.0,140.0,son
06095253000,0.0,0.0,0.0,0.0,0.0,0.0,0.0,son
06095253101,2055.0,0.0,111.0,514.0,915.0,439.0,76.0,son
06095253105,2530.0,37.0,309.0,1074.0,938.0,103.0,69.0,son
06095253106,1273.0,11.0,158.0,334.0,648.0,122.0,0.0,son
06095253107,2345.0,15.0,408.0,681.0,739.0,502.0,0.0,son
06095253108,1442.0,27.0,194.0,148.0,587.0,477.0,9.0,son
06095253201,1786.0,9.0,0.0,91.0,684.0,877.0,125.0,son
06095253203,1567.0,21.0,121.0,248.0,990.0,130.0,57.0,son
06095253204,2448.0,40.0,55.0,672.0,737.0,776.0,168.0,son
06095253205,1101.0,19.0,67.0,208.0,572.0,215.0,20.0,son
06095253206,964.0,0.0,0.0,27.0,415.0,445.0,77.0,son
06095253300,965.0,0.0,38.0,277.0,463.0,154.0,33.0,son
06095253402,2409.0,10.0,333.0,563.0,913.0,429.0,161.0,son
06095253403,1628.0,0.0,0.0,11.0,824.0,758.0,35.0,son
06095253404,2130.0,0.0,176.0,458.0,926.0,537.0,33.0,son
06095253500,3979.0,41.0,230.0,2006.0,1165.0,435.0,102.0,son
06095980000,0.0,0.0,0.0,0.0,0.0,0.0,0.0,son
06097150100,1207.0,35.0,91.0,366.0,546.0,117.0,52.0,sol
06097150202,2687.0,44.0,269.0,1163.0,911.0,257.0,43.0,sol
06097150203,2265.0,77.0,328.0,834.0,788.0,227.0,11.0,sol
06097150204,1802.0,0.0,335.0,437.0,834.0,170.0,26.0,sol
06097150303,2424.0,30.0,84.0,1072.0,1034.0,150.0,54.0,sol
06097150304,2455.0,37.0,204.0,1026.0,955.0,207.0,26.0,sol
06097150305,1722.0,0.0,257.0,809.0,493.0,142.0,21.0,sol
06097150306,1731.0,11.0,273.0,592.0,688.0,152.0,15.0,sol
06097150500,2395.0,89.0,486.0,768.0,890.0,138.0,24.0,sol
06097150601,1397.0,0.0,77.0,303.0,381.0,589.0,47.0,sol
06097150602,1566.0,0.0,26.0,124.0,906.0,458.0,52.0,sol
06097150603,2795.0,221.0,324.0,243.0,1282.0,627.0,98.0,sol
06097150607,1870.0,0.0,101.0,243.0,675.0,655.0,196.0,sol
06097150609,1917.0,13.0,189.0,447.0,902.0,294.0,72.0,sol
06097150610,1426.0,17.0,0.0,91.0,807.0,378.0,133.0,sol
06097150611,1359.0,0.0,96.0,305.0,413.0,501.0,44.0,sol
06097150612,1753.0,24.0,30.0,494.0,679.0,486.0,40.0,sol
06097150701,2110.0,107.0,443.0,864.0,501.0,169.0,26.0,sol
06097150702,1788.0,0.0,122.0,250.0,708.0,557.0,151.0,sol
06097150800,2074.0,51.0,337.0,693.0,617.0,327.0,49.0,sol
06097150901,2070.0,119.0,318.0,788.0,565.0,265.0,15.0,sol
06097150902,1457.0,11.0,47.0,382.0,608.0,338.0,71.0,sol
06097151000,1527.0,35.0,167.0,453.0,628.0,223.0,21.0,sol
06097151100,1840.0,8.0,141.0,584.0,750.0,296.0,61.0,sol
06097151201,2998.0,18.0,510.0,976.0,1241.0,224.0,29.0,sol
06097151203,2173.0,90.0,290.0,417.0,935.0,390.0,51.0,sol
06097151204,1617.0,0.0,96.0,737.0,511.0,264.0,9.0,sol
06097151301,1643.0,0.0,310.0,372.0,573.0,379.0,9.0,sol
06097151305,2409.0,39.0,759.0,772.0,625.0,172.0,42.0,sol
06097151306,1657.0,22.0,102.0,942.0,394.0,139.0,58.0,sol
06097151307,1985.0,0.0,92.0,393.0,994.0,408.0,98.0,sol
06097151308,2174.0,8.0,245.0,841.0,481.0,418.0,181.0,sol
06097151309,1938.0,0.0,142.0,421.0,980.0,376.0,19.0,sol
06097151310,1525.0,0.0,215.0,515.0,509.0,207.0,79.0,sol
06097151311,2473.0,30.0,397.0,500.0,1203.0,316.0,27.0,sol
06097151401,2122.0,91.0,359.0,466.0,824.0,367.0,15.0,sol
06097151402,3574.0,12.0,923.0,1570.0,941.0,118.0,10.0,sol
06097151502,3172.0,0.0,357.0,1042.0,1219.0,388.0,166.0,sol
06097151503,1481.0,0.0,24.0,91.0,660.0,648.0,58.0,sol
06097151504,1418.0,0.0,13.0,146.0,942.0,311.0,6.0,sol
06097151601,1926.0,53.0,102.0,1283.0,457.0,31.0,0.0,sol
06097151602,2108.0,0.0,93.0,1061.0,855.0,99.0,0.0,sol
06097151700,3160.0,77.0,669.0,906.0,1182.0,289.0,37.0,sol
06097151800,2206.0,0.0,135.0,892.0,1033.0,87.0,59.0,sol
06097151900,1444.0,51.0,455.0,610.0,277.0,51.0,0.0,sol
06097152000,1042.0,65.0,602.0,230.0,78.0,67.0,0.0,sol
06097152100,1066.0,0.0,303.0,437.0,286.0,40.0,0.0,sol
06097152201,1861.0,74.0,413.0,936.0,390.0,48.0,0.0,sol
06097152202,3057.0,30.0,291.0,1265.0,1028.0,401.0,42.0,sol
06097152203,1921.0,69.0,402.0,755.0,585.0,89.0,21.0,sol
06097152300,1965.0,73.0,156.0,431.0,946.0,348.0,11.0,sol
06097152400,4167.0,112.0,85.0,611.0,1522.0,1482.0,355.0,sol
06097152501,1695.0,0.0,207.0,556.0,647.0,267.0,18.0,sol
06097152502,1573.0,0.0,96.0,563.0,629.0,278.0,7.0,sol
06097152600,3552.0,112.0,116.0,413.0,1639.0,1142.0,130.0,sol
06097152701,2261.0,14.0,106.0,733.0,866.0,496.0,46.0,sol
06097152702,2144.0,20.0,288.0,625.0,799.0,384.0,28.0,sol
06097152801,2070.0,0.0,192.0,278.0,1205.0,365.0,30.0,sol
06097152802,2960.0,196.0,920.0,1398.0,414.0,21.0,11.0,sol
06097152903,1581.0,48.0,120.0,655.0,531.0,227.0,0.0,sol
06097152904,1981.0,0.0,338.0,357.0,812.0,448.0,26.0,sol
06097152905,1627.0,0.0,88.0,705.0,534.0,300.0,0.0,sol
06097152906,1836.0,44.0,110.0,450.0,825.0,369.0,38.0,sol
06097153001,2418.0,99.0,630.0,954.0,545.0,134.0,56.0,sol
06097153002,2083.0,28.0,261.0,797.0,764.0,233.0,0.0,sol
06097153003,2146.0,23.0,355.0,781.0,768.0,179.0,40.0,sol
06097153005,2577.0,0.0,112.0,529.0,1217.0,663.0,56.0,sol
06097153006,2904.0,0.0,167.0,914.0,1393.0,407.0,23.0,sol
06097153102,1473.0,21.0,59.0,617.0,605.0,139.0,32.0,sol
06097153103,1464.0,99.0,159.0,366.0,657.0,160.0,23.0,sol
06097153104,1307.0,61.0,314.0,469.0,419.0,44.0,0.0,sol
06097153200,2174.0,25.0,106.0,712.0,825.0,435.0,71.0,sol
06097153300,3626.0,60.0,269.0,1094.0,1480.0,621.0,102.0,sol
06097153401,2766.0,29.0,174.0,1242.0,1067.0,225.0,29.0,sol
06097153403,1760.0,47.0,345.0,638.0,576.0,143.0,11.0,sol
06097153404,1919.0,112.0,180.0,414.0,873.0,297.0,43.0,sol
06097153501,1893.0,0.0,184.0,465.0,930.0,277.0,37.0,sol
06097153502,1823.0,12.0,246.0,413.0,869.0,243.0,40.0,sol
06097153600,2485.0,48.0,387.0,631.0,1207.0,166.0,46.0,sol
06097153703,2826.0,186.0,651.0,1365.0,535.0,61.0,28.0,sol
06097153704,2543.0,43.0,391.0,1401.0,519.0,137.0,52.0,sol
06097153705,1850.0,30.0,362.0,656.0,634.0,145.0,23.0,sol
06097153706,2477.0,15.0,284.0,974.0,873.0,237.0,94.0,sol
06097153801,3144.0,14.0,37.0,425.0,1791.0,796.0,81.0,sol
06097153804,1122.0,36.0,13.0,266.0,441.0,366.0,0.0,sol
06097153806,1228.0,68.0,146.0,207.0,495.0,291.0,21.0,sol
06097153807,1371.0,0.0,15.0,183.0,794.0,309.0,70.0,sol
06097153808,1595.0,75.0,198.0,476.0,593.0,227.0,26.0,sol
06097153809,1460.0,0.0,55.0,282.0,702.0,359.0,62.0,sol
06097153901,2474.0,7.0,184.0,730.0,986.0,463.0,104.0,sol
06097153902,1655.0,117.0,123.0,523.0,627.0,243.0,22.0,sol
06097153903,1652.0,13.0,125.0,600.0,761.0,153.0,0.0,sol
06097154000,1345.0,30.0,127.0,417.0,600.0,138.0,33.0,sol
06097154100,1804.0,12.0,142.0,538.0,801.0,244.0,67.0,sol
06097154201,1621.0,15.0,286.0,579.0,640.0,88.0,13.0,sol
06097154202,2485.0,33.0,99.0,839.0,1033.0,401.0,80.0,sol
06097154302,2258.0,90.0,215.0,751.0,988.0,214.0,0.0,sol
06097154303,1939.0,41.0,139.0,934.0,736.0,89.0,0.0,sol
06097154304,1802.0,90.0,403.0,783.0,480.0,41.0,5.0,sol
06097990100,0.0,0.0,0.0,0.0,0.0,0.0,0.0,sol
